/*M!999999\- enable the sandbox mode */ 
-- MariaDB dump 10.19  Distrib 10.11.13-MariaDB, for debian-linux-gnu (x86_64)
--
-- Host: localhost    Database: eventetsot
-- ------------------------------------------------------
-- Server version	10.11.13-MariaDB-0ubuntu0.24.04.1

/*!40101 SET @OLD_CHARACTER_SET_CLIENT=@@CHARACTER_SET_CLIENT */;
/*!40101 SET @OLD_CHARACTER_SET_RESULTS=@@CHARACTER_SET_RESULTS */;
/*!40101 SET @OLD_COLLATION_CONNECTION=@@COLLATION_CONNECTION */;
/*!40101 SET NAMES utf8mb4 */;
/*!40103 SET @OLD_TIME_ZONE=@@TIME_ZONE */;
/*!40103 SET TIME_ZONE='+00:00' */;
/*!40014 SET @OLD_UNIQUE_CHECKS=@@UNIQUE_CHECKS, UNIQUE_CHECKS=0 */;
/*!40014 SET @OLD_FOREIGN_KEY_CHECKS=@@FOREIGN_KEY_CHECKS, FOREIGN_KEY_CHECKS=0 */;
/*!40101 SET @OLD_SQL_MODE=@@SQL_MODE, SQL_MODE='NO_AUTO_VALUE_ON_ZERO' */;
/*!40111 SET @OLD_SQL_NOTES=@@SQL_NOTES, SQL_NOTES=0 */;

--
-- Table structure for table `admins`
--

DROP TABLE IF EXISTS `admins`;
/*!40101 SET @saved_cs_client     = @@character_set_client */;
/*!40101 SET character_set_client = utf8mb4 */;
CREATE TABLE `admins` (
  `id` bigint(20) unsigned NOT NULL AUTO_INCREMENT,
  `name` varchar(191) NOT NULL,
  `email` varchar(191) NOT NULL,
  `email_verified_at` timestamp NULL DEFAULT NULL,
  `password` varchar(191) NOT NULL,
  `remember_token` varchar(100) DEFAULT NULL,
  `created_at` timestamp NULL DEFAULT NULL,
  `updated_at` timestamp NULL DEFAULT NULL,
  PRIMARY KEY (`id`),
  UNIQUE KEY `admins_email_unique` (`email`)
) ENGINE=InnoDB AUTO_INCREMENT=2 DEFAULT CHARSET=utf8mb4 COLLATE=utf8mb4_unicode_ci;
/*!40101 SET character_set_client = @saved_cs_client */;

--
-- Dumping data for table `admins`
--

LOCK TABLES `admins` WRITE;
/*!40000 ALTER TABLE `admins` DISABLE KEYS */;
INSERT INTO `admins` VALUES
(1,'John Doe','admin@eventetost.com',NULL,'$2y$12$aDkl5H484Y4GoEIYO4GkTubwUZFVHgrYGfCjm7SA5pIF5yEVgxDgi',NULL,'2025-06-23 23:21:57','2025-06-23 23:21:57');
/*!40000 ALTER TABLE `admins` ENABLE KEYS */;
UNLOCK TABLES;

--
-- Table structure for table `blogs`
--

DROP TABLE IF EXISTS `blogs`;
/*!40101 SET @saved_cs_client     = @@character_set_client */;
/*!40101 SET character_set_client = utf8mb4 */;
CREATE TABLE `blogs` (
  `id` bigint(20) unsigned NOT NULL AUTO_INCREMENT,
  `created_at` timestamp NULL DEFAULT NULL,
  `updated_at` timestamp NULL DEFAULT NULL,
  PRIMARY KEY (`id`)
) ENGINE=InnoDB DEFAULT CHARSET=utf8mb4 COLLATE=utf8mb4_unicode_ci;
/*!40101 SET character_set_client = @saved_cs_client */;

--
-- Dumping data for table `blogs`
--

LOCK TABLES `blogs` WRITE;
/*!40000 ALTER TABLE `blogs` DISABLE KEYS */;
/*!40000 ALTER TABLE `blogs` ENABLE KEYS */;
UNLOCK TABLES;

--
-- Table structure for table `cache`
--

DROP TABLE IF EXISTS `cache`;
/*!40101 SET @saved_cs_client     = @@character_set_client */;
/*!40101 SET character_set_client = utf8mb4 */;
CREATE TABLE `cache` (
  `key` varchar(191) NOT NULL,
  `value` mediumtext NOT NULL,
  `expiration` int(11) NOT NULL,
  PRIMARY KEY (`key`)
) ENGINE=InnoDB DEFAULT CHARSET=utf8mb4 COLLATE=utf8mb4_unicode_ci;
/*!40101 SET character_set_client = @saved_cs_client */;

--
-- Dumping data for table `cache`
--

LOCK TABLES `cache` WRITE;
/*!40000 ALTER TABLE `cache` DISABLE KEYS */;
INSERT INTO `cache` VALUES
('eventetsot_cache_admin@eventetost.com|185.186.83.37','i:1;',1753089870),
('eventetsot_cache_admin@eventetost.com|185.186.83.37:timer','i:1753089870;',1753089870),
('eventetsot_cache_ezfmhyqe@checkyourform.xyz|192.210.150.199','i:5;',1772690066),
('eventetsot_cache_ezfmhyqe@checkyourform.xyz|192.210.150.199:timer','i:1772690066;',1772690066),
('eventetsot_cache_ghioielp@testform.xyz|196.251.81.2','i:5;',1753376649),
('eventetsot_cache_ghioielp@testform.xyz|196.251.81.2:timer','i:1753376649;',1753376649),
('eventetsot_cache_ntippnln@testform.xyz|192.210.150.196','i:5;',1757778984),
('eventetsot_cache_ntippnln@testform.xyz|192.210.150.196:timer','i:1757778984;',1757778984),
('eventetsot_cache_varisjorganxhiu@gmail.com|94.100.48.13','i:1;',1762550675),
('eventetsot_cache_varisjorganxhiu@gmail.com|94.100.48.13:timer','i:1762550674;',1762550674);
/*!40000 ALTER TABLE `cache` ENABLE KEYS */;
UNLOCK TABLES;

--
-- Table structure for table `cache_locks`
--

DROP TABLE IF EXISTS `cache_locks`;
/*!40101 SET @saved_cs_client     = @@character_set_client */;
/*!40101 SET character_set_client = utf8mb4 */;
CREATE TABLE `cache_locks` (
  `key` varchar(191) NOT NULL,
  `owner` varchar(191) NOT NULL,
  `expiration` int(11) NOT NULL,
  PRIMARY KEY (`key`)
) ENGINE=InnoDB DEFAULT CHARSET=utf8mb4 COLLATE=utf8mb4_unicode_ci;
/*!40101 SET character_set_client = @saved_cs_client */;

--
-- Dumping data for table `cache_locks`
--

LOCK TABLES `cache_locks` WRITE;
/*!40000 ALTER TABLE `cache_locks` DISABLE KEYS */;
/*!40000 ALTER TABLE `cache_locks` ENABLE KEYS */;
UNLOCK TABLES;

--
-- Table structure for table `events`
--

DROP TABLE IF EXISTS `events`;
/*!40101 SET @saved_cs_client     = @@character_set_client */;
/*!40101 SET character_set_client = utf8mb4 */;
CREATE TABLE `events` (
  `id` bigint(20) unsigned NOT NULL AUTO_INCREMENT,
  `name` varchar(191) NOT NULL,
  `event_date` date NOT NULL,
  `code` varchar(191) NOT NULL,
  `qr_code` text DEFAULT NULL,
  `logo` text DEFAULT NULL,
  `locale` enum('en','sq') NOT NULL DEFAULT 'en',
  `note` text DEFAULT NULL,
  `user_id` bigint(20) unsigned NOT NULL,
  `is_public` tinyint(1) NOT NULL DEFAULT 0,
  `type` enum('wedding','birthday','party') NOT NULL DEFAULT 'wedding',
  `description` text DEFAULT NULL,
  `font` varchar(191) DEFAULT NULL,
  `button_text` varchar(191) DEFAULT NULL,
  `is_animated` tinyint(1) NOT NULL DEFAULT 0,
  `background` text DEFAULT NULL,
  `dynamic_fields` longtext CHARACTER SET utf8mb4 COLLATE utf8mb4_bin DEFAULT NULL CHECK (json_valid(`dynamic_fields`)),
  `created_at` timestamp NULL DEFAULT NULL,
  `updated_at` timestamp NULL DEFAULT NULL,
  PRIMARY KEY (`id`),
  UNIQUE KEY `events_code_unique` (`code`),
  KEY `events_user_id_foreign` (`user_id`),
  CONSTRAINT `events_user_id_foreign` FOREIGN KEY (`user_id`) REFERENCES `users` (`id`) ON DELETE CASCADE
) ENGINE=InnoDB AUTO_INCREMENT=28 DEFAULT CHARSET=utf8mb4 COLLATE=utf8mb4_unicode_ci;
/*!40101 SET character_set_client = @saved_cs_client */;

--
-- Dumping data for table `events`
--

LOCK TABLES `events` WRITE;
/*!40000 ALTER TABLE `events` DISABLE KEYS */;
INSERT INTO `events` VALUES
(1,'Andreas & Caroline','2025-12-23','22FXG0MJBV','data:image/png;base64,iVBORw0KGgoAAAANSUhEUgAAAMgAAADICAAAAACIM/FCAAAAIGNIUk0AAHomAACAhAAA+gAAAIDoAAB1MAAA6mAAADqYAAAXcJy6UTwAAAACYktHRAD/h4/MvwAACoRJREFUeNrtXX1sFccR/z0/m4BfijG4SUGk2IlwhQJq5YR+CapClKofEXFURQ3/OK1CFYWYECFFkSFSGlUmrRpVIa0q0YLaIFUm6gcGCSWxWpDiJFQydZtiKQ2oBZrWTWsCzxTyXHN32z9mj+zYc1/PZ+NUM//cm93Z2f3d3c7NzdvZA7LSiJlEga1aZ4wxpszlDxpjjDmYrLjFVTmSdVg1+D8hBaJAFEg81VbZLjB0LCaL+ml1kmChZkpA2pJFB13mq722c6FbrutuqW5QkByksbQfiNaVPC60mSTaw54j7eFZnPwc4TTAez1jjDGm03LjjmB44drZc2RP4rjadLIrEAVShfm9LMnUF7LptErm1OU2SvOeVFqKBnL5eqlB/5rJZa0ddCSMlmkEAIwuIG7XI5EDW8paJ9Nra6XSS6UcHojfdZnC8xlbP65zRIEokA+K9/tvyaetuTG54T9dZvHkopkG8mCvULjuSGK7ZsaN1wHArRco+LAJANAws0Cmg7brHFEgCmT2md80NJQo8ZYgX/exGQXyja+RoTlNbu+PyHEnr7+HRDbSoSdayY9XudzpVULwYdqBbOAW8z6nqo6Ys+HbzIZoIDpHFIgCmfXmt39MCBH8Jlr+b9zSri9OL5D6fklmhVD2fcH79b4Q3c8feQi43AAAOz23bG106xXiuOqjgRTWzOjt8GmXCWIEF63Rya5AFEheVmvvlNTEtB6Jrvu5teEPVKeZ26nMYx5pAoB7rPk9CQBotcGH3S6360sAMLqauIEGAHhxq2t+1x+1BqsAILCPFvJ+z314ht9HbqkBYEJuOQCMMu44417UOaJAFMgHNPjwBOOqjBXuyAFIIfMKryYAwAUKYn/ytCDR+SQ5p/UA4FNgF41FAHiOmd/z5Ci2XnBb2+DDuaxXpKm6E9CYjJWoGNPBwpQ6dLIrEAWSg/m9J1lm+2oAeGF/VR386Ump9Ot0+IVk/WlEn30MAE5vo7JtawHg0E+J230DADxODit+lfpi9LP1WqINq1QqlUolNL9x67UqlUqlwtdrWQvYwpR0GWOMsWNFnzHGmDCMPGyMMaYjjHkYY4zJKRo/FwCupJaMqRrTya5AFMg18347kkVudpnDh8lkdgqC69Iq2c+s/YMxzZZnxXzS933f77JcxXcoHKXv+75fttwuuwzW933fn5B2UaZS45rf0Pv1fd/3Zaf8hNssIKYt+/tITRRn4m7Umqy3dE3KIRQKOtkVyCx7ZzcZdZN8IXPdlIBwy3FBKmxN8ZLrSmyl9/ODG4S6BdZprAOA6xrdTpG2m/Ce4pIsW2HYFvZEZyvEZL1ZOmMLedZb2myFzKSTXYEokJTml17vCtwcR7/zedYWSxkJV9J3fyWyrKboCtQWAMB4bqd8COHAB2mtVcfzAFBjfdSNkuNK1/DeXuIoWcxWfQTA+9kKtnCOMNb5Ul1LMwCglwq7dgLAKWvz++4EgBfsgIYXA8AD++w5LUY+EG+k9btDbF0Ydkf6ywVxvW97dNpFNx3W89IjADA2Tye7AlEg19r7HRXK/sMm/XzBzb2YrCQzCUpqrf/2Q0F8Hq9rZZVUd3gBM9CC9fr9ald+QrYCC0/Qg6Noy5YBAOZajp+hJay1fRcg3zFcAdYh+JV94kmpGGOMaeFPGrbnwy4W+x0wxhiziysZz+bhTlhCfEm9XwWiQKo3v7SivdQEAN4/8uzprFA2nIPetwMJyD7yKLu3A8CfrdPITM07T0vhhm+RvQYAXGflb2UiqxlHIr3NGQfNjR65ye2DkvkNvVNjjDEnLNfvmrkuyfw2RpvMAXFEZWOMMeuynv0TulWCAlEgVZvf42kl//4OY6VMsOPTPdox1sNtbug4/N1GCxRsTgGZ3/OvEnf7EgDYuym6g8bzAHBlTvJQbOj0y7UA8NJ4ovzdMXW0VcJhnz9HNgAT965YuCH/c/rxZQ7zxUTxU8kav6KTXYEokEze76HJddxq5UNvvOFYLbHreXem1fVbx0xN/BevYwuZ01uA90OmtFONfY78+ulE89t5f2Tfr7PlsqF1lJbLWqvFIx7MA/1BbOz39sgxLF1KQFKcqmglr0/tes5dqZNdgSiQnIIPAICLP2Ps4GCimueSBP7Ak1TtPladGc/jkegdZGrP0JGFAS5bI9nzGQA4yVNwqcGjvS7XvDUx1rHVlX/Gcg+5QFqOTj61N59xuWMbhZHYmHEteaMRu1suA8LEtqtUYnkEN7FksRS0LFNVkZUd45VNJZ3sCkSBpDe/Wzi/JQ+lTMm9n3O5Z5jgtkgVo0+k7ewxvpq+rVwul8tly3UTN87+sTpJhRSovFh2uKvrtZiSMNyQ4y7lJ8rlcrncHQYf3JDpVavdwIIP4rZjbuGHECkxOo03UINOdgWiQPL0fi29+TBjbcbALxcCwDf/kraHZ5+9BkBK465D6R9lleG+BgCAc6yu8V+uZSElw82sWeixLgGAbXYxRXTst0msktbr/U68ItXuNVyXWkldyv7qMnatk12BKJAsVuvyTTmoHG1JLWq31X23ACDgqfgPdQPAqU+xwldYpNEOdoRtOkbZCpd4Pz1BEATBVe83CIIgCGyCApG0YGCi9xu4xFqHCwYCN1vBEs/VDb1ft3mWXN1CJJchhaWQqigLFXSyK5DZ4TRO3OAuiD4DVFUoJCtJTdHNjImRFK1WHCWvMm0hin1NJ5KslvzObowxpjv7FZkSPfoIABxfHSPyVp3OEQWiQGaF+Y2jsdzGMJaHaG07HembNoX21CptKhRrQP5rjS2jYOSc9kSnaQlfMCAJ9tJhVYyu6jJj+ZfFpkgTtkoQJPp1sisQBTJl85t19z1xlztRSb27Z/W4zRlblPbl0KospU0Urc26i6vdXZZbPlEJ+7LYS3bd65llKXFYlXtittDtmiHvd9pphy4YUCAKZCa8X6LEP67G3o6u+6s/pb5tqtlyBqRtc2I7lq1w310AgG5aztr4PVei8xMAwtzeIfvObveHYX+Ubzoa2VnJyvNlpWyLxVfsUlpPiP2m/66uJRb7Df8tE/dpHBBUislicd4vSxbjsV+d7ApEgWQxv+Y1SWbFosllA//NGmF4Na1kouCb7zL2mADkPfHzMtJ3dXfacECfE0QQqYUkKqJmtnmBXZXb25sE5ADf1XxtLg/EO5LuzUWUDnJIrPy8E/sNdI4oEAUym71fov2xbMbWMTQ0NL1AjM0iWEfZF6ukbW8GpM2wyWht5rHfb7ucjfb2LQaAoY3TfUVCWglELpddmUmJpVOscEgnuwJRINfM/H4nrWBfXya9l3j62cDAdAMRPq/TQNGN8eYkwVivf0fq1sPTYH6J6PPxZ2fqprqhqJNdgSiQmfJ+ueV8eGrt788BSElceVYfN2qXoRiEv49JHLzDYfaGWyUIJ/B6G3ygQ9cOABhuFQ3ufADYvC/mipSynoh5yfdmKV1hgPRDKelkVyAKpGqrdVt17dka0o8eECSeegoA8JM2t3B9ouKXX46uuysX6CNsvRajCbvLep7nefwfq8DzPM/zpK/3oMVzKCJX1/M8z7uaq0uiJs8vi4kkfEy+UMwmHy9S1MmuQBRIavofJKlYA7sZQtIAAAAASUVORK5CYII=','/storage/logos/pmt1IgrJLRWxjw8O6KnAx94lwpt3jMS6xhPwzhwi.png','en',NULL,1,1,'wedding','Share your photo & video with us',NULL,'Vazhdo',1,'backgrounds/KH2Xmn8egG8qyJ3ixdvGXrkAGTCyWXlKnjM4orMD.png',NULL,'2025-06-23 23:21:58','2025-06-26 22:12:19'),
(2,'Wedding','2025-06-26','PPHRQEWSXE','data:image/png;base64,iVBORw0KGgoAAAANSUhEUgAAAMgAAADICAAAAACIM/FCAAAAIGNIUk0AAHomAACAhAAA+gAAAIDoAAB1MAAA6mAAADqYAAAXcJy6UTwAAAACYktHRAD/h4/MvwAACiFJREFUeNrtXVtslMcV/n5fuKxTbHNpIaUBi0tEY6piIJGo3cpBpMqLs62UBBJuVVErUQc/tDyApahRBVGlPGCC8lKTqC4V8JDWjhRVOJJp5fBSA0lj0gcnhE3LTUDwutgYX3anDzObztk9/3V3Y7s65+X3OXPOmfn295x//pk58wNh6bZSSqm44VJKKZU2TKNSSqmk4dqUUkr1BXZcoyy6HbZZJfg/IQEiQASIN5Xlaa9SNkeYLK7I5Jhrnb/qRRN+FwLAjn8CAAav+JrVcU7qGG7u+5benUVh25WpTvlRO3mOGKrxr6fL1m8zwqRSSqlGw6Vza8s8R9p921UnnV2ACJAI4XeE04k5ubL7KnAVI65OvnRG4miMCfL3ObMKdyAjD3EGvfW5shc7GcXGb9lch748oy99GwBg/k7NlRI7Umv8z7mOzzVw7RquKOADkdLvrb8/72AUtm+XPiJABMjMHP1ydMNDutgBgC/GZwKQoYf19ZC+tOrLRn1JLAOAXx+zVV4b1JMPewAAldPnjmSeDvsA4Hyrh8r+cgB4zXAHpY8IEAEyU8LvJV+Ne5emKZCTNrNtba7CN4nGrbXT9Y48Z/1vTnAKS7ba3FHpIwJEgMzo8PteRLu/Ml7mNBQASKyX01nDyA7+0rqj6ilS1vw8AOAbjNnTZC73ZWJ3RXNxBsgatl0xdyBOfdAfYKNXobuXVasi/dwL6qWzCxABUqjwezyc3elhff0pV6h9rW4AgKtntOyHSwGgd0BzO2YFreh40aB77XwYGBgYGDBtzdr50OexYkXM4tF2PhT2fWQVAAyFNlvpAEhLHxEgAmTmTD4Ept8SrrUAHp3QcW4hAGAwZXHK3NfGHgAYqjLhdx8ApPTELqpLAeC+Xgx85RjjuObvAIDSagDAnbB3ZGG0H6A6qGIpqSAW8/2JOEY6uwARIPmH3x95FP6kyR7vntLXN6sBYN+/NfcnsqGBODt71uZe+U6wBo2ZmclN+y1h32FO9Y8xANgx7O/0pPt+LXb060V9tq9mWjaqSSml1KiRHbD12bkHDNv7tcqmw7/FbEf6iAARIFM6+j2oV77/8D1b+Hi0ip7zKFvByE6dCllByiY+JPfqGKhVDmSZk8mHVCqVSiUD1Jq0a6UD0HgqlUql+EF5P2kt2S5bVlLI/8KCOCuJZCadXYAUK2pltr36jxKUv1SFq1yFkPppZDp73QXmRXbQlh3fw73kkn2vZ0vcnXDvxpvPMmWdJa5NMHS41eOtW2crZMLvIaWUUv0k/IbOVuDmfilx2Qp09DuQFX6VUkodosJJpZRS0tkFiAAJOGic8FCaYLhyf98T7lxoaw9Kp20gF/VamIkjej6w1HBmBd9wJotrdE6uy0bCtbTYQrown6wEgMWNuT4cI3v1VdeWx4jZELuKt5MJkt2mbEAppVRm9DvKhN9G2yxhhDpZrCtr9OuXAuYy+pVkMQEiQIrxzq7+Q3my7jw25mo35MnawtAb+okvYl1GZy+X2szHdG/ran3RBler3CurshUzyWKUjMq46/OkvJmT0gbpZLEnN5mf3Z362Sro3C8TfpPs6JelcRWKTlLrYbtMOrsAESARwq/6l4fFyIh72eeR2mCsnEeYJlS6R0fcueMH5OZy9h2clLUxGi3LPd7gjQpTtM4ki31myb4wrtrtnW012smwmXxYHvSBmEVPrwL+l9H1s9xh/ESLh/WmDUC+2QpPPKFnUaSzCxABUtjRb/Zg8LzNkaQvZz1ncN7X5T+Y0H+Bc1KzIBKQqi4ycNXcbTp9QLjquzbXvMV92Avb5REmVWCMysyEc/eWSEDmNpEffX49EGoncZPvw/EHlQBwRPqIABEgX3n4fafYFV33r8FDY1SX1c931XD0elyKjV4nVwIAVlYBwNWb7vXo58iEmYVtfh0Axj9i4jTMK/x6BwA+nAQAPEXW1+KtrlEe/bUAcFnrv95hu/R+IG6wJ1iWhrsFszZwT8VFyyzmu76VfsIpZO34WFcqnV2ACJAA4dfr5fPWUesdt/cDUvaLUgA4xm4w1WaPbfar/Hej7taPxJminh4AwO55QeEdSiQSiQS/YSAT2bkVq0QikUgkMtMN3JRpgtswwBG7YSDzTFJKKWXOHDMbBlzC77KcV45AtAyIkiwmfUSACJDpMflw+jQj3J9PrW2f5tVobqqxLGnmGzzsTGbXwNct2W4jTJJBMACg0shm63Eu0TDrfp9y1vBoSffjAPCXbaRBFIj2HOiMYW7p8mslPnqO14JnLHcN8UHwuqWzCxABEib8PhlY9efhPF/dyUk7lhYZUN24TSYRQDPdXnYp19X9BKufIMli3IYB04RJwukNtWnNZLbLDmtW0dEvt5mifCr+R8rdOafcXVU6uwARIBFGvzce09c3tvra6/z52TcAYMKcqLX96FQAYadByGTsFo9U3BX6IxE0R4JNAOlbbw2QiwEkgOfCVO5IHxEgMzpqmQ7t0P/ktA027QE96lFM6UIDyaxY7bQ/KoBt+h1Zf1shkyx22z6xZJ6eM72ic8bMBGpp4NpnFf6ORKQPdbw1d2l5j/QRASJAZtSgMQCNmQHVnMAWDwrf+Ae5QJy4vi7W8TNO9PXc50NxO7hu7TRx2/WWllEndOWflP1t0LUoQ52ckH6HR0WjuD35QL9QyZJXsljWUQmMda90dgEiQPIOv2FP3wt7yl2KOyMAE77VGoWKuUGBLAoLRI9+N60J+AL7gYm75GCYe761Zj7s2M6dw6t9XeuwuagPxNBLiD+2t2G9lN+/0UtLAGCX4X4j+7UEiAAp/qtuFn3ip3CrCFuHPiNA6vb6GuxxLXHMXq49q/18nDJpWO1+/iuMRq27r6bvAwDeoJVG/K4uXTTzgsCdUk4oFXz0e12OShAgAiTP8KvOcTpr3DO1zpk5CP8PnTywv/WNfg+z9319Xb7sB+Q++32cXvdm7jArVjRZrClXcZR6Nhx3VEJnpzsCvXehr6HoD0RDTIpaYfJTltQCX6ZuSGcXIALkqxj9vkM/NM4cBXvvXX1d96i7l7dD1nrpUsGBvNVpPxDWbsvVuGtkXY8CQL1W7KGHEBCzGh3ZzGk0B16wipINRJ+cPLPrYkHC77dLEOjAzPk68c5zba4WsGbYa92fkQuWSGcXIAJkaicfDB1mQubzK8KZabr5Jhsy9eVXswoNxLlOWPNZ87ZnAeCamfvVX23c/axussk3IHYPM5/quWdk3XYMe8sIWwoOBCQcDhHpNaI4jybeLbSG8engNUhnFyACZIrCr9qtr9VHbOmFXbmaJyJ+gffECUa41x1IBftxhZhvPWYRrJETdm22nNw1wqSuN3AWQQfhrs8DgL1GOMzdkYoi3PSKwMJoLufI0psAESBhwu/6Ajgbcnfy7svuZhu5YdaZM8WG7v9lseZJm+h+rYQtZPdrUWqfZEgFPyohPyqNWJaPvnR2ASJAvOm/3p8yDdQ8VqsAAAAASUVORK5CYII=',NULL,'en',NULL,2,0,'wedding',NULL,NULL,NULL,0,NULL,NULL,'2025-06-23 23:25:21','2025-06-26 22:12:19'),
(3,'Lars Kemp','2024-07-07','0XX6ZRKRYP','data:image/png;base64,iVBORw0KGgoAAAANSUhEUgAAAMgAAADICAAAAACIM/FCAAAAIGNIUk0AAHomAACAhAAA+gAAAIDoAAB1MAAA6mAAADqYAAAXcJy6UTwAAAACYktHRAD/h4/MvwAACj5JREFUeNrtXWGMVUcV/t7uvhV2QXbLQkIrgVXBECDaLVhTqbo2NPUPPDWKWqUxkDQhWzGkVRCjNWahjYnJ0gaTikVJmuWHqbsoNgEaDNv2D4Ro2rS6ki5GXGgh5dEu7Pbuvnv8MXPXObvn3jvvvftga875c3Nmzjkz37tvzj1z7sxcoFy6TEREBamqk4iIipbrISKi05Y7TUREPaLJkIioZJkCERFdLrdbdfg/IQWiQBRIMjXMhE6EGQLpSBc962vT2soLVfkOZstwQ6YT7a0AgDmSLf9+dVAaHfB9jnDizxFLXbYwICIiAwDtrkT0HDmQ2q8OHewKRIFU4H6vSzJNOV9rRr1+VqzAeMDYIJiunWuarkY3JGPN8UCuz5EUBtbFd30zAOCQYU4a9a6nYsV/tZ2xc5gRwxX+MF3t5XslYyPNGT4QD9YBoEPVGfltDkB4SMeIAlEgMzj6fctb8mJ81aUZAOR2AEDrowCA3QmCa82l2y07cdI10r4VADDvls5HfgQA47vTBR9c4gIRjOhgVyAK5IOWfJj4u1T63msAgJW5mQLku5sEW73mehsA4D+rDdfrirxtC4vMyfZm8OeoFMgGoSz3DXE244ruE41tyukYUSAKZKa634Exc13vpghOiKLHAQAd8+ONGb26+7ID0jQgyawQyn7ZZ64l55ZO3M9Eekwy0+YNTs8HgC/ZBOdcAMCeCeMBjV77m7G9XCH2qykeSG5dlnd7HQCcYUXLlrncZ3wtzV+ng12BKJCs3O9vqrHirTwwaK7faQSA58YEK3M2VWa6bOJvrEpERNE7wM7BwcHBwcHI/SasfCgSEVGn5ZhahSsfsp2PLAOAa2WrfTyHqt+I6mBXIAqktoP9x5WpPcm43VkAKdvPtQEAnv01AODTewEArYOxt/dO20ArK92bwJlWyu1XQ1tlP0CrhE6i+gobaNPBrkAUSLbu98uMXe76xX/slDSebY2zNfE1xp4076O2rQeA4/sr6t7QDnPdcS8AHDnorbjZXQn1akL0a2nUEhERResxukZHR0dHz1uun4iI+kVboy6x6NdSFBIfIyKi3to9EGeVUSr5ZmeVnUa/CkSB3Pzo9+JnfdU/9a5QePRoNT3620eFwoe91TtKpVKpVAqJiGhYFBk0ImytajuT6CyVSqVSMUo+MHnDTCYfBFumaLTaO1KXxd+wLp6rS7VVp2NEgcxor0XmkvSimFKtUXlVUVnO03wiEBvLnjW3ZvPv3InsVTatXZ465T0Zf3+PbBQK77PrtcIcgLAeQtuJE2wmaVzfRFL0O8B2K3ByPShfnGxzv5amRL889+u96+1V3a2gQBRIxV5r3ENovBqB8fTSiTKNmXnlBPPXDY02aJw33b/VW69iX/l38tSC+zxo5LGjucwGAJxZK2m3uIV/NertSwEAfY2CLduaXe01vAgAtoi7AhI2ix2Lol+3sOC63ynT7a5qNotNiX7NZrEpCx+GiYhosw52BaJAKp+z81fLTfmEygSKFxx7vyK1soFcb2FsL1s2yqPfLiHs71wJAHj6aUHQbOx6Znt8V4ZaBLUFAIC5XUyyUeoJc78j3HQvc7+cRh1vOrnygZ35YKnf9btTznxg7pfTrtRNupH7nSAiIh3sCkSBeHqtf5Wp+FZ54tevSKXDCRreHbrAgJxd6tZ1m22zPCFqPM4l+3afybc+7sS7H7KuiXnaFze6Riz1LRUKLW3f6wtkaUJdd3z0u0vMbgje8Txzv1Hy4bwrwpIPnPTIHQWiQGob/UZkVrTfsYgFp2cyaO/y5RoD6fipW7pxtxD92iyC8T8H+1xOojZbtRKCEW86sMBhbnyTh6MAgJ8lnFQznBT9Cut+Pag/qbcJ7pedVDNl5cOI5n4ViAKpwP0e8dV4hXF/YnPpBwBg4s+GW3ynr8k/uszs9b5qLzIgNqW5lr0a6zbbt+5gekby+Y0u93Wm1vkAAFyPAl1vIMxIIR7I50+73FNMrWGN8aJTVNYIZuYtA4DnLbdq1s3/+yxapINdgSiQjKNfiV54weWekUT2JXDeVJlajljOwk7ku92zVkbfBgCc2Crpnxfm/12PpiYFmLaYRNhl1prNa4lVfuiQayS6I+YAGfHkttlLErqyuA7TV5Es8U3n3J6wXHaJ7734SL0OdgWiQDzc7yNS6UVWuvWT8friG6hHfFu3exH2Ccvd3ksw8jg7duH73mDNeq33iy4VmEQrq7OFPcVisVicXDBQLBaLRY9Tyj1IWjDg/0BsbEyodE/QuSYVVnySmQ52BaJAbnb0+5w9tOD3twmVXxTK+vpc7gcZdvpBqTBwKVow0B0EQRDIy2VNynTcKLRX2JViEARBwN9YsZ7ELJcNgiAIorMeR4IgCAKbMm1gy00mV+7mM5zHiJT3KkqRyetgVyAKpBbJB0Zf+UtVzQreLix7B/9ixvEXRaGhdC6Kfkvh/2hyr24YhmEYJRb6wzAMQ/mNVeCYlKPfA6FLrCeJ0W/Om0sq9dFLr/O1r4NdgdTWa4XpKBN3mofC71Hm1vSw3Erp12+oTzBiFgwcvz/BgRr11nfcMr5cNp3arsbXbZUStWa3Qt42N1Rd8Pf6LABgG4Tz5qDFay03589kw/G7hnSwKxAFUsOgERjLXLA6IIWESnN86yxRxCyNRWF68FNn5W3uYaMrGBUW3KDpCyRUTUlksDrxkUGV0WT0GytxnrcjndPIT0qwVQXBVrRZTPfqKhAFUrnXulKuBp9avyMVisQaGr/iKd48O94Ia7RhQblALrcBwD3mxO/DC9zol/tnvh2Ar5NNbfWKlTiwxS1dzWQy+bLYY+ZyOF5i4R6XO6JjRIEokA9m9Ds0EVtF58x13kIAGPt3zfo+LAHp2Jaqx9IAO/pi5d61m3p7vgcAr61NnXY/JiQfmu2MfJU0TTd0arl4R7ak4ajFueeb844r508hsT93u7hO6WBXIAqkYvdLL0syK+Z7GnspkUVlVlwqmrq782lAbojfrx3w/E7MuNXuMp/g4iljs1Prje2pVvriHXt0Zo7J/T78bQDAzrNVPRATaT0wbbls6xoAeCPDVu4xl5062BWIAqll9DuFDidwhs6dm5lAnvg5AGCDeV101Wyi7TQ7JlabV2897mq0N20KmB8YnheiP5tg2PUtlzvGdlctzBDIJ8TSVYCzXNYNVaPPn81dEqMV0Rgr/acoo4NdgSiQW+Z+LbHk4sgeT629vgfkvnSqZkBs2G++Sx59FsKS95d3fsGSDwXzOQmzg/ZjNlNi1hpf2F0zIMa9U6a31X1k1C3Swa5AFMitdb8/vFRNq0++nlD5kMts+GpFQJpHJJkmoWwwIUXQ9QQAXFlquH723V/ztuwCP+HWtDrHJh9Y1eekBoY/DADbDiXckeZMbnMz4Ly3TLfZVO6HHZt1sCsQBVKx+70rO5uvCLaO/sT6pMXl2dq/v0wgZ7NA0HkcAEZahKqSbaDcz2559GuiBvOR+lvyr9KjEhSIAvGg/wKI8V/YuzqWqQAAAABJRU5ErkJggg==',NULL,'en',NULL,5,0,'wedding',NULL,NULL,NULL,0,NULL,NULL,'2025-06-26 07:35:11','2025-06-26 22:12:20'),
(4,'Testing','2025-06-29','OPJVCSNGWA','data:image/png;base64,iVBORw0KGgoAAAANSUhEUgAAAMgAAADICAAAAACIM/FCAAAAIGNIUk0AAHomAACAhAAA+gAAAIDoAAB1MAAA6mAAADqYAAAXcJy6UTwAAAACYktHRAD/h4/MvwAACgdJREFUeNrtXV1sVMcV/nZtE8dLMQ4kLVFKsBJT0TpSsU0VUdPIoSD1oe62UUpoE0KaSJWQgyO1eQBLkfJgUJQ84BD1oTGktaicPpTYSAiFSjiRG6TWQJOC+rANYWmLUxU3XgvHS0zG04eZleasz/3dXRyjc17uzpnzM9+9O+fOnXtmLhCVrmqttU7bktJa6zlb6NBaa52j8sNaa62Hgw03aoeuRm1WErcICRABIkD8qbpEfa3cklp4IC3BoufcwlKjMElOxIj3aalqIUa40u2cXtR2oUUHUT+5j1hqDPYz7Mr3WWZOa611hy3NzfdWuI/0B7arRTq7ABEgMcLvp5xMXWI+b0ZH86Ou+1TOuIVEHRPkZzi1lDeQT5dyCqPt83k/HWIEO77qlgbcwvEf+AAhXtNvzRd4bxOnNp0q4w2R0m+d35cHpI8IEAFyC41+OfrYt2gC7swiADJ1tzn2mgMbd4nIK5Nm8uEZAED9F+eKFO4OuwHgTI+PyPM1APCKLe2VPiJABMhiCb8XFi+QQbew/YEgwf92f1GB/Nj5b97wE7y/DQBelT4iQATIog6/f4yp9w5jpXZTGYDUjXIy6xje3l84V1RvJXVd2wAAX2bUvkfmcl8gepdMKc0AWce2q84bSKI97AnY4FfpbaWpKdbpXtEunV2ACJByhd9D0fR+P22OT3OVxtZaJvyMZszxiSVhHR2qGHS/zIdMJpPJ2LaiT2ut9Zgtjfm8sSJq6XiZD+V9HmkCgKnIavcnAMxJHxEgAmTxTD740NGjbuklUtdTDiCR49xKAMDh10Ne0fXGwWk7BZxNAcCL+4mMKTX+BQBQZbxEbVf1yngnoCGsYNVK7jz4nKJgOensAkSAxIlaP/SpfKrTHe++aY6HGwBg979sVCVZEcTYyAhj8rmgBn32mDlufN5hju3jRH9XBwBPTAejHPTO12JHv340ls/n8/k+ti5vSGutdd7y9ri+2bkHTLv5Wjfthoha76rbEtJHBIgAqTT5djOaQ3qJMG1JJQHoEKeDqvn4ueTjuyhqpQCg1abLKpcKIblXKaXUeaqXUUoptYcy6eSDUkqpXGHyQSml1BgLK+d6pQPQtFJKKX7we560lqTLVifD/+OSEf+oyXh/6Xhq0tkFSKUGjRHSXnUgUwfLBwvoWA2pToZ+nl1LmJNwnrAL411irLs76KF48wjjZyjJuCG0ryf0U3dv4GqFdOjrOOy90IBbrUBHv5mi8Ku11rqXMj/XWmstnV2ACJCA8MuzTaJPdcK7LjwR+Zp4an40N+cCaSFZqj0mwA0+5j6q2hhzp7fJDlKysZWmy2bvdQpf6WCG45a3f7+nmzqiNkXf4pHFYuPc5IOlPT7npsMVzLIiWR2OPEa/slhMgAiQksOv90tlNR3R5lToysgJ/d7a1V3m+Npyl2uZdwAATm2N6Gw5MfIaqVxDSrOet5WaLo77ADP58PBGO7bXWmv9uc/o92RoCHTPB5r5wNKsjkSDRbMobp10dgEiQGKNfi+bqPWliNYux2qD1UqsducX/mlD7HJvvYmJ+UCS9lVSt/foF+Rt08gQw+xe4+2VOiC03i4W+8jh/c+a6ncz2xqNkekeLpST+FZ06xsk4TfjShYmH5TDmy1quk/iGQm/dhqkMexWCb3S2QWIAIkffs+wtYQ7xcmc87F9JtD7B/NZ+ixnpHFFSCDKJu3veMStpPMGNK/f7Pz1HJfs37XF1bZbhK1mtA8w2p9Rnlm/i5Nbot4Q3aQN38V4W2sBr4yMTnJz7GQkHqoHgAPSRwSIAFmw0e8xAMCqDWV0YUw+eFdIQZbypq79Dk+JhCYx3wLo3QsAM38HAEzayQcz/Dtq52TztQBwVjORuesgAMz+jZgcawOArB15tyYA4H0zVbCVvF9L93jH/PPNAHDRyB8ccNtVuCJtAIq3DqozzMLavPomACB5yGg1NzHuFC1pY+6Ka8jQ+5vsuW1zfv+DE7iv6CmgSjq7ABEgocOvPhgseuKEW/q1OTzLvZ0zy++/sdnlnT4NAHjcDaCv5+GpvTrNVJ06BQDYuYypizxlms1ms9ksfWbPEmKf2QvaXMIAR2zCgKVxrbXWO2zJJAxET5dNMesI7iXPLdJHBIgAWQSjX0MfPwsA+D73rupFJvLtNsdlvSG99n1YUqP3eQOpyrnMGbuP17eJaOYuAHiJy0iwr9dMOK23tm4zw0pi2b73+9Aq5Bhby7mmn/wWAJzYTtyxV4S8WPTYVy3sq0sil/DTqpv/DvF6TN/S2QWIAAkIvw/bzvRWoOjPo1n+9w6OO3BPpYDY9DCf3cC/a95EDdhp2Kv14a6oGmG5QQ2qnXUNN826wXWbmZl+2U5PTJuUsyqfGyKdaCmKkTWV/Y/UeJf8WiKdXYAIkDij32D60TvmOOGeiffNzMLjry4EkND7qjz9Mxs6zMidWw9heewM6liro10JIOEtl9iGhPQRAbKooxbf5+dcsHMVgD5XbiCKDcPbzTOy+bbCocKg0XvHEru+tiq09yXlvyJloTWnpI8IEAFyqw0aCzQbWvJ6+Rt/fT6QRNpH3sx9Lk1zwdV8DqzhIQBFW0lVU5P0zT+pe3fSs6pAQxyTfodHxyPqriFQvugLlTm3rmirBEZ7VDq7ABEgJYffiaga7JjRWEky6VSKeybGjUC3ViB1e1ggd0YFYka/G82O32+aLWQmjZUOZtD4Vxt37dJY+74r0OuElejn9uE1tq4MEMuRyefDjh1M5PRdrcBRmlmtUBR+ucwH6ewCRIDcxEddPpcyRF1J9BEB0rIrUOEZ76qGl43EWm8RG4X7Q9pPWcFmb/nO7wAAfkWdlvZd3QZusRhL3lslqPCj33HZKkGACJASw69+j5NZF7hSC3+K5vWDa+bYHs/WxYtBQGbY7+OMBn6PZZLodXV6S5rFF/0244rbKmFoyFvbZO6Obar4DdHSlkr9f1Y1A4V1FtLZBYgAuSmj32OBH8a9dtwc13/NYf6ZbhP7h4heL1woO5A3bJAkO9CSjWQ+sbmtwwQI3Sphu1toPOYa2fMTpyq3icgTp0+eK0v4/XrYDzuGoGbAmWFv9r5HrlglnV2ACJCFnXywtI8Jmdvui6Zm6D+H2ZBpDr9cUiEgNXZbRLvWoe9RALhiZx3MCo6dj5om29HvuKt+N/OpnmuWd9KNYW9YZnelgMBExSlSvEIkltGFdyudYfxcCNPS2QWIAFmw8PsUACDxG6bq7JPzeUdifoH3yBGGucsbSIrdW7LOx4N5/dXgXYXhzY6RTywzZ/yGXi8wQErjywBgl2VOc1ckVYGLngrNjGeyVrZKECACJEr4bS3d1o0HveuOv+Bdt4EbZr39djwg52I2nuyxYI10HXCZJlFN2brsPQ7T0kUuy8PK9+9k6qoqcENMJEM6ClNXirx0dgEiQPzp/w8z+1UYFZt8AAAAAElFTkSuQmCC',NULL,'en',NULL,6,0,'wedding',NULL,NULL,NULL,0,NULL,NULL,'2025-06-26 07:40:14','2025-06-26 22:12:20'),
(7,'Wedding','2025-06-28','KDSQTGSIZJ','data:image/png;base64,iVBORw0KGgoAAAANSUhEUgAAAMgAAADICAAAAACIM/FCAAAAIGNIUk0AAHomAACAhAAA+gAAAIDoAAB1MAAA6mAAADqYAAAXcJy6UTwAAAACYktHRAD/h4/MvwAACidJREFUeNrtXV1sVNcR/naNKbB2jINbASEYMHFFYx5YsJAKPJgmqFVTx0lVQpTU/UmlSNQJPLRqjKsqaWUc1Je4pZVojdo4kWgrhdiuEIJAeXCSFxtUFfoQg5pFTWmEEVzXJqZrr08f5iw5Zz33d+86TjXzwPXMmTPnfNw9c+een7lAWBpVBq0lWbUpc7Rit3KlNg/7LUoppUbDdiuJ/xMSIAJEgHjTgoj1ZhQjzHFsmVVWVmogaX/VCybz9T6zHt3XqYWW/r59AID+ZgAYeJSEmVoAWJS2TKZn20fYft29I+f99I9+j5MORfpt/pwuOzU7nAAww96svc/42dosg12ACJAI7vc2p7Mk4V5/0r8JxuadXLheqo84acodyO0KrsLgdvcmKtyLWunyKFP0w8OWii+9s4OTTqRieCAGoM3PA8Bwr4dKT7mMEQEiQOZ59BuE/u2rcYMuKz5BIA81ktt5nylrW2FGvxw1dgIAzqzU7wQJAAmSoWpugXxf+0+28AAAXO3wfcScMWWJAzJGBIgAmYfu972paPXGLwEAHkzMFyAv6MmHY0zZvfSvLnrSVLy+kTinar4AydNu199m5R6aWNDs+i0A8AsZIwJEgHxKo9+zFCc9BABKx073bAWAybctxVtvuRuheskvxQdkySCns8Gj/i4AQPVNAJjepaPfrQBwfRejCN1AJVO29h+urWxg+7XEHUhie6l/AffXRqm1bLsMdgEiQOJyv0eLMnPUg2M8Lb650NVIxRNBbdl+KnSfR2sA4DEd/Y4AAOqJaTpict1fAYAxmqXAUBUAnNxnRr87zzFGWt4EgBufneMHYl0SwN2F0QcAYMzihi3uJGtkfQLAjIwRASJA5nP0++OgisePm9whq6wjDiChd3jVWFwXRb8jvreXFJFJAcBLXVyZ1UrYfi2oieXG1sSuWSODXYAIkHjd72MWW38IAK4/S9x3mo2iP/7BwwxZqfltbP269V1O+vLnAeBX1gIR3uBuRqtSSqlrmjtm7tUtWJyaNEnLmkhTC6eVUkoN6bIhEpJG1qpdTRpribvjse/3olJKqU5bSO1EfyAu+vhP5VriIi0v99OQwS5ABEhpo9/BdSZ3gJa+X9vGVPwCXa6Y/xMZqt38CqO/278vVHvLn9w1mjnhAx4mO3O5XC53MY+OfGYul8vlcu22Zk4ppQpet9tMrz0U4H+TLGvGPnbRkzMov853zRSmPd9HknP6K0x4TD4kAwplsAuQT/KdXUUsC0wqpEUVDQi7V1VHemWMLOGhf4sTJk2mL+lrayVnhHe/SimlLnqhmzRPvdnRr+Lc75BSSqlu20hWKaVUPvql0FkXtTO2jrE9oehXBrsAESCR3G+A3VhTIRWmIlmcigikiS4dHSbH0mLMVlluMlfXWPqNcDWZpjDrHLMcd7me6945f1wekw82tZjRL0sZtoGMq37BkRJyvyOBJx9ksAsQARJD9EtxkY6C/PeHjvlq3J72tzUWVDhBQHTWgsNm0UItvNcUvqaPuI76LcGMLdWv7lzhZwAAL+jmsu5nrLq6GCMbTcv/0ae3dHPk+6Yt98tSfu531M/9OrooQM6HrLv7zU8+cNHvNaWUUq0y2AWIACmJ+73rOq2zt//00LwKAKhJAcBtfS7s/qSbXjxAkt2Mw7WpnlQ+1EEtca+sca9gpUo4a6VKsGnTLaZ2O4XSVvS7VveSzug+vNmeWQlJ7R6TDyz1K6WU6rei3zZu8oGLfoOTDHYBIkCCud9hS1pdN1vzgw/ntmfUo+WrAMC5EhRIrtGSdjLHTU/p6LffDGPzwH9vclxyhAd1NS50tirna+vot+cZALi0owQPxC9yfWn2e5Goq3O3aK0M3pHBLkAESGnc7wArtqRbrBWid+nytcRs/YVfDtn6SXO0DxQFJMhpBcpUo58jx/Xe1slFAHCeVvPyE7t/MScf8kEjs13hOWuug1Il5PNrtVi7gK3nyBV97pdWwX7Za3LB3e+qVQTEElIkrWL9kWyZLVpKsvxj8T4r28WmMhnsAkSAxDP5cIFLPPgbTpM7d58hYfMaADj7d//mSH91Sxzut/MpgxmxD91mAAD7+9xttv0AAGDPSwxRhoF9jC3UArPSG7YfnG14/CZdVycA4Fva/U6XedwRc66jYPkr5X+OoDboJM/KcInCKitlsAsQAVJK92vTS9EaevXVcPrjz5nc01sB4PSfiXtxmVm2ny4OUYH7NScjT+e9l+M4jtPu0XgT2ZrQK1eO4ziO53ZZbsWqxXEcxyk4rXCaWbEapwby22VpPTJQJsuqcBpRs+pUAXeTunlRhQx2ASJAwrjfnZz0DB3HanvcFD4bzvIHrdF6NLYzoOL+v3HSdDabzWYnbCHt15rJZrPZbLbH33QTt1+rP2tQt7/7tamH6s2YPdG1WvkHYjkAZNlIv8hctuWx1fbqiQx2ASJAio5+z+wOauyvtN/gaWYOYuDbpQbin1dF6Y0JI+tnl9VZaXK1IjuDqssyqwHg+cPxAwmRcyeWbJcJGSMC5FPmtWa8EM0wXADoM4G5kLaobaU8xl76PPDxtxX07iUuc7e9XXbd++5dsI2w3HtG8DQT4PM9FxsA4GCHZaQg+lVKKTVhTT7wh8W4T6Sx1O1xWMzxPa3AA7FOK0zIfi0BIkBiDRpZ+m+AJek7QbmoeURMIwta6Ep+N6E5miQsb+Fqk5fc00ecpdJnKertslrD3hC21H5WmAEY22gfJ7SnGlU0yjdnnlZg3/gLtsvyDz1r7pdpbZB1vzLYBYgACeN+b4StETr73o1IHdO1UouDAgmbxdX/sFgB6e2veqWry+LcX3/z2WV7mO8hrqPa/+rlbIUAEtL9ho1+CzLVMO5X2XO/clZXgAiQUka/Nl2eq+5e9gWS3utrxPoc7Z5HjDuq6j2q6ZUuOvu1SXO+T4eUVmywpBv9oaZ9490ebvKByHOKpz9gPB0k+mVJ3K8AESDh3a96h9PZsKyoJt52L9oeUj8wkI/YQ1mDIb8T02adT9jlocmlSujrc9c/7T4bUpJPbT5s/D0cp+EVDTLYBYgAmePod0B/aHyPq8b4CX8rb4Rs9dIlRvhEohggv9NO0v17iDef5KS0CnZEbxjgVFp+Zga6PVsBwNnhro9vlJXM/XpQpf+XxRoAYw6pIeAzUga7ABEgpZ18eDn+Lh0MqX+oKCBHfg0A2Bb48zpD9xlzEC9SKoanuISLOvptp2MXHqeqQFkYH+koCsjnwkeuxt/LQurzdE9KBrsAESAld78/ipa35vW3Yuz7XncgqQmuwhJGNqKjX6pQwWjUTjBGbvZG6vI2rl97e80uFNyRVNgmFlsfdizOljslvGwtklQJAkSAhHG/m6PVb2Rk71q2fvpVADjxk5CGT51yLzux3B3IhYj/EVSv2jxaO7HU0qCVqJxuILMKAPbbpxWmGQfq1SFVgvcRTWVFaSblu7oCRICUnP4HEMpUHyA6IhUAAAAASUVORK5CYII=',NULL,'en',NULL,8,0,'wedding',NULL,NULL,NULL,0,NULL,NULL,'2025-06-26 21:46:20','2025-06-26 22:12:22'),
(8,'Anila | Sherif','2025-05-01','MEVEL57GSV','data:image/png;base64,iVBORw0KGgoAAAANSUhEUgAAAMgAAADICAAAAACIM/FCAAAAIGNIUk0AAHomAACAhAAA+gAAAIDoAAB1MAAA6mAAADqYAAAXcJy6UTwAAAACYktHRAD/h4/MvwAACr5JREFUeNrtXX9s1VcV/7zXllIeW1so0xJIqdswZFt0BVxiIPq2DLOYlKoxbC4pEkiWYNGFaBTYH5uGsP1j+LF/nJ2TqoElDgtGE8lcI7DNjMG2sOis02LsOl2ZbRnw4Nt+v9c/zn1wz+v5/np9FEbO+ef13HvOuffzvr3ne+69594HpKVhY4wxHVJV3hhjzCgvPGgc2iWaDIwxxrdMhzHGmOG03criBiEFokAUSDRVXw+dCCoIpC1e9GRSm9xWVazkQHVSWxH9umzjRJz8sxsS4qg/kfhr/HMNAMyJkNi4Ps7GUh3sCkSBlOF+z0syszJJrZF61czJNf7FqfTSXJBKc+FAzs+WFI6uCG+iEwDQQ0wfqXftmSz3u9WufFGBqN1MLuP08kqp9Fyugi/E57IATE9i+R+2AMAmVvZzeiv26BhRIArkOo5+/xsnMFEy+37fZc7QR/N1AGQ+AKDxuwCAbYLAm8sZu4g+tgMAXpxvw/jMtQdiaSsAjG9LLP+tegB4UceIAlEgN8Diw8Q7Hwsg69YItvbRJ83B37uLVVLdB98J/9+w2rOmF0i7UJZ5MELhtmUAsDtC4kEdIwpEgVyHXuuoXUy4310iSB47vcY40sveVzkgs45KMkuEsh/30qfvPNKJVZL2QfLGt7HCVQLX+s/QXi4R+zUrHEhmxVV46BWwOXeFDnYFokAq5X6fnYqVKOVhqvzSgoRWZq9JbFoCcnLDFHAYq5z/CQBgMXG7HgCAMbv4cJwB6QcAPNLncovJSgcDsiH1E6kI3Q4AY4x7XRS8pZ5FxhlMeUdUB7sCUSBXd7A/llTwwAGXe4rVbasAkEzqDK8mAMAI5Yl9bgAA0EgONDsHAMYarPv9NgC8ztd+T+cA4Imnw+13/AbA5fXt5E+kqbwvoFFCl/x7qJycDnYFokASDvavMHax6xf/9gNJ42eNYbYmvs7Yvr6pd29gM31uXgkAh55LrNjpJumeksNyV6RgyRhjjGclugqFQqFwurj4UCgUCoWDRfdrjDGmy3IFl4ru17XfbwsPG2OM2Xf1XogzE5TODFevqrnyt0a/CkSBXFUq2apv5c5P0miNcJZMIjn3jwyAoMoNGj9cHqEmku/SOV63z/d93z9cXDDwfd/3t0TYyvu+7/ujltvl+77vH7fccd/3fT/i2IWxfQjKO3ZRnU3+j5dN+Y+aUjurY0SBfPzm7CaCi5dHOm0jO9LygPDI9qGHWGQcO+Xti3i+y6UGRlzXxdxvogm2a4QDyf3P5d6+K/6LOOP0fXxGvPwbLQ5zb9pA/8idk8uWjuhgVyAKJInXGucxZHkzxvGU8j6fDk6kbIjmlRPMoVdzT9O5152I5iVb1tPkHadvuBFbVUcNcCPkYx/lS6ak3roIQOkSY541at3oUDMArO9JuvggUjH6LThlJdPtrlgjXeL8wJUoRr/dxhhjShIfhowxxnTqYFcgCmQK0S/tLc+omyzpFRh76RIAoF4ySkZqZwKAOcuq6mN7NFYmEOtArD/sIZe2fetkyV/YvXtSGGywbwT3kebvIFtkjHasTpTsWLUw/wYA+JUbBF9scKswDwBwU5fgrrkRkLcreSVtF1xmt63jdz74rvvldz7sMsYYc5xb5mu/njHGmEbX/Raf+5ZYH150vxPGGGN0sCsQBVL+4sPEe/T5ydpwmX9H6P8rtvWhWO36BgC49J8IwUEXSNauZbLDBO/YYJPO6i62Ivw0AUWsjY878W5t0RYZkyxzbSvC/zl27KCgcT0AHF8ZAWSR634tnWPut7j1dlTwfR18dUOQOG3r6ModeeutuIDibubxKjH61cGuQBRI+e63JIdSSKkctC7wbunGFpKv/ixC66YJiG9j1M6vAQBWUyrYPnK1nwIA/MFGv8NNALBxHa0i0GbYCKnnX3IsN1lHtTpdh2qTq5HkEyfFF2I74Jxwbg81Ys+NPBreTK69rOeRIbUkeWf3URKbDnYFokDKiX4PCdyy+W7ZK3EmJ35PnwvvFirfeitU71Davv+ROQlaCfajwnmKfu175MAOVkdTcuu8yf3K6bIk+IoYBAdu5kNxzv5VmkIsAIDRdwWtPT1J5yOcFtC5iQO8tC2LJLukAJYlepwl8pYalulgVyAKZKrud3dSyaNvSKV862l3eZ3YE1rzwX4bVt0RC8T6w7YD7kR++8MA8BFLGOjnnpOm5HkqbCSQi2iHrIvurbkpMRAy0trndoFozDZ6OALIae5+WwDn5rYWAHg7qvFPsCzYFsDZEm0p78G0AED6K94WVOlgVyAKJH30S/Q+u7bv+ecFke8xblMER7R3b7qOfcSMHGKh8eNzXY6m28V0tTa6EpY28C7YuH3fAwDwmr3XoP8WR/ubvULjecoZa+BLBF8AgD9FLSaM0ke904XxeRHylPmwNir6JVsXOCtzEtVf6UkatZszk8TP6GBXIApkOtyvpWeecblH6OPXEVdY3yuU7dyZrCfGXlRz609jRR+WCj1L7mZT1NaeTRgYJy17HKKRuOTf36jneZ5XzEmL+JGIbs/zPK+4Y3XK8zzP2265c57neZ69x7y6piJPsoZFvwmopjzBcE4HuwJRIGkG7fmF8Rr20MIQm+rOSdlsayX6zjsrJwwEQRAEJWd1+4MgCAKeLhsQccGuwKHSfK0gCIJAShgIcb/Gbce4XGeSF2ImYSEVmSTaCeqSamV0sCuQafRa8jHyIL4w4vx51NF0qc6YdM1kKzL2pGOzjWyaPhDhaaW60ZGUXaA5+4aXJJPJaTguX2uUy0f9RBpLl00BxDXZpoNdgSiQKc/ZkxPtamRqw+tE8v3KAelIqyHlnY1QoiwlDGStyV76ENdKSWSsLrSqhHpZnfhjZaY8EpvLS+my8uKDMcYY8VRdh9Da5cUHoU7drwJRIMm8VuqNiKZKNDse26wVyNVJpUJPquelDhqbAODzdOP3/jJDz9hWz1iJbvZ7iPzKg4r8spjdQtyvY0SBKJAbPPodCL/ewLw7TX0fkoC0bYzVY/dsb7bxaPfkqrPFy71zbl23K/Lm03GN5aw8v9GFGTmyWHwisb9fK997vi6LK7eUl9B64Mpphc+4Ga+bYr+1OrE/97i4juhgVyAKpGz3a16WZJbMDdfnye7HwrmLxC2vje3SsYgZMtXdUxMH5IJ4Jjbqd3WZQh/jbKbrwToAKNgqflUC3Zy4hq399vbGtjbUXLkXYgq6Hwg7HPLFGh0jCkSBXOfRb7n06qvXGZAnfwQAaLe/rXAkfImAk7350eYiRDitLd9wbR1mDpfydh+jdYO1J6cE5NOcdaPSJJf/LIzPob0TAP4uNWDpdh3sCkSBXCP3GzyZUmHnhXTyx45MDxDf/tZO11YA8BZJMqfpki9yWofY7bKtNIdgJ5xvtSsllNg2uG2aX4jNQOjNQc0xanzrNNusg12BKJBr636/z6/uWusyZxn3wguTtZ/6i2RzbWhrJ3anBJI7J8lIPzTeb5cISGE2ndvK/xYAJhqoatd6APjrckF7sMfVXkiLDwMUSXf8cnLHCvxG3KGbAWBj1GGxXNonU8euSsix6Dfe2Awpjk/Qh5wOdgWiQMp2v0srbjrt6VxGH64qE8jJygGop+3FQRv9HvyyWynljA0LDtSIHTq1RDAycdWi36pINkw+KMO0U6iDXYEokGj6PwvLIB+uSRCsAAAAAElFTkSuQmCC','/storage/logos/a7clmm7t5xQIgg40nYRobtff8PxoTCxo4PmMqjnu.png','en',NULL,13,0,'wedding','Mirë se vini në ditën më të veçantë të Anilës & Sherifit!',NULL,'Vazhdo',0,'backgrounds/ssE978KoTOpAaMOVI84Xh7Bl8wOSY8xEs9DhH1qb.jpg',NULL,'2025-06-27 22:20:59','2025-06-28 16:58:48'),
(9,'test event','2025-07-17','G16AMGQANM','data:image/png;base64,iVBORw0KGgoAAAANSUhEUgAAAMgAAADICAAAAACIM/FCAAAAIGNIUk0AAHomAACAhAAA+gAAAIDoAAB1MAAA6mAAADqYAAAXcJy6UTwAAAACYktHRAD/h4/MvwAAClZJREFUeNrtXX9s1VcV/7zXFkqLgzLAsUiki6thMP8oomSCSZmg/iGULBlDN1gc0USL7B9jYCYGk04X/rGm/mECboEYaOYyYJlot0AiW2ZSqUuYM+umLUKeKIQ+SOHB6/u+6x/nfuk9753vr9dvC8Nz/nk955577v18v73ne773nnu/QFK6aIwxptNynpmgoqh/1BhjzFHLjTj6psMKy8YY41mm0xhjzMWk3criLiEFokAUSDjVT7L+LWcTTF4IZ71WikDao1UHXWY2VRhlF6Jd0t/IypagusIwGWltIcsINhndL7SbKNrHniOWWpmRDrdohDc3YIwxpocLi8YYYwgAWt3a/nNkX2S/2nWwKxAFUoP7vSbpNGWS2bxWY1+oXqZJcPLXJf3mYCDXZksVTq0ObHvtOADggCu7Mje4r/O2MpZdoWFqvPPV6mpvr5GMjTWn90Akn2wOxNV/8kkdIwpEgXw8o9+EdJW75kV3GJBMt33gMGk34ygyfGknDxob7rA7slsSzv6BjhEFokDuGvf7N0O/ywEA7wka1/8ZUv2DOwbIN4bJt14GgPGHSdj1JXoHBwC8vzKk+sMu0/q84MNv7wPxiWmtpoNdgSiQaRzsbwjc/ctqMtK4JgUgTacknaXB1Q/Sc2TNegBAx0+J6wUA9CwDgM9IJvt67bSGK7RGOgUgS8V+NQUDyaxOeB3oiWF8djUAXGEacyWTffb3i04YHzYlf+9qHewKRIGk5X73J6vXN0a/z0Qpnv8j/X71UwBwaogVHog2sn/KoAuZD77DoRWrvOV6jDHGDFiOr1gNDQ0NDQ2lmflQf3v+ERbO0TGiQBTIxzL6tcRmHC/snlYgif3c/OCikydp8uEnAHBtCQmPPkLzE4L+76zfzgBA1vakjlpJ2q/6+VNwdeYDzpJocAvzQq7QfB3sCkSBpOu1NjG27QUA+O93uVNdCQB9h4n7DfM/j0W28OKLAIA9n3OFT9PPy4Hef/Tb9PvE5ij7T41J0q3GGGNyXHhKyNe6USgUCoVCq2SkK2G+lkSJ87VqfSDO1DGiQBTI/0f0+/hfgstefz2ZrbYSAOCedwHgxkOsrJulHby2DABe+HWIsXbP8zzPKzP3e4iE1s95LtfJard4DuXFBsj9lj1GpjpdtmD1d3me53l80gVnjDHG8JQKlDzP87z60P+xbNz/wrj/oZnMFPzTZ3WwK5Dp81pG0jHRZpKqZKYYiJ8uywLcN9ZLFZnKaFYoGmUczxvIuzONM1vcrrRIUFsiu3DL/RpjjPEj4m43vOwXr0DB0SiHRb9815sPxMQj3/32u0Lf/Y65Qh3sCkSBxPRa40LheGT18QTSSJWGKAVTCrbkAxmcAQCwa0i0FP+eTafqYBVPusxnhwXTvb1uNTI8o4PVnitUa3VT1C4tYG0Txr4tTEgeetVg8OSDpTNs8sHSLuZ+W0Mueo/gTntC9KM3ix2ywpxuFlMgCiSld/YrgqxYYOzNm5G2yUpzPQCUYuwgI/3sJwTh7LqagPz7fhv90Q9ZPrjdFZ5nDrTlW+R3mZWdtDPh6AYA+P1GHle6zG8pTh4mk3yz2HZqtX8dAMzrcj16KPG530PBe3UrJh9in/kgRb88HBczH/p1r64CUSApu9+zAnff5BZDzgaWnPdSMFIBpH0buUxKBeumSQgbbNJe3bYeNzLe0FE9KVInhoTW79oytlls60lW5jr7ClofG7E0+SBGv0lJTjzLVx+5Iy+96WBXIAokbffLV6CE9ajzFxi7IgMAp03slkKWuE6T61sxGSCZo8xJikTud/92Jiw0AsADw7U1S3O/f6Aw8+nR4MmHigCUJkWec7k9NPlQvwGAfKLP1NPXklZ4YDkwsUvw0WYA2KODXYEokNonHzhdPiYI+6eoQ+a1SQGpGwhWGbWhJ1Pp3ugK+bpa17ZqIzmmj3sCW7u5cXJ35PPBKv7WvDkPSlFzFtVLoYIx/6Yu+LSOEQWiQO4c93v1JUl6/Lgg7I1qYOSYEPbhO42C6i8je3viRHD0K8Xh/tyvH/0uBoA3efQ7AgDosEcl/NUtmnmfG72vDI5+Lc0bdYs6f+EwxTb71GoDgHe2uG2DHOC5cuwHIiSX+cnGKI1aybX1IRO+Y5kZ7plDi3WwKxAFEsv97qDfxr3BOn198Wx5zyZs/LmrkpR6tJztmDjGnPjzTL+H3Qx2umxObHYo7xJpMi5gxSqfz+fz4ooVT6loJVOW20WZYCTzT0o4k8/n8/nKdFljjDFJEpjnxBLVpDOheIM/5ubEtaWDXYEokJjR79pIVb6D7PhMAPg65T9k30yjL6wLf5Y6JJ4zuC7EZHfRobB0WZuvxRMGutzaxTL/SAQJ7VcliCoSBorFYrFYmTBQLBaLxVv5Wq798M1ikzsIsiFmWUP82g1RKjrYFYgCCSd5/wP3I6MhKqPVjM/t2QEAp9exshH3RfYrg0IDlK9VsWIlNnCuGQBWDMYGe6rs0K6K0L1cLpdvnVRTLpfLZT9+rTiphqob6Rs9Nvotuyr091BYv8YcxXJ97bdtoszEVUzQTCbh/5QOdgUy1UFjNCX+AE1Z4OjCGZNiA9mQMWVjQZsNICYMWJWPsgD8DU4dJ4DwbytY97uj1zWSH53UvSjVBd+R7buBiW0XIr3fmML/wwcNQOU5LzrYFYgCud3ut4JoJq2xtmpTAKRTktKEXoMto7Tf2Vxzlg0aq29pliseYdwSG+IGB1Rih46EqFgjNWbB+raEcxrldFlOkbsVOFWckpsTVHSwKxAFEuG1LiWtwU+5uyxoWJNNIR8XGL8k2JKMNM+KC2RBUiAX5wPAI3Ti92Gh+hUr6wn5IoxVCf60jT/5sO+ZuEBqvJM/pJ/DOkYUiAK566PfNGgkBRsfGQak/XuRNbYHF7XsdWL6WXYzbJukSWXv9oao0PPDGlku1Ob7yTan+V3dlujNYv49MMYY0xVyvcKi3zO6V1eBKJB03K95W9JZem+1bICflPAWGVvliG6KL7nnzkV26a3gojyV0fdXTheEN3e0nwbCv6vrz/1S9LvJTgdQNoHdz9DhpuWeXRLSWZaEsDnp3G9uEQBsO+DamuwD8VFpt0I0fSHFbyusrdPBrkAUyG2JfsdfmV4IL6cHJGPPIqBzca7bPQU9QurYiZ1C9T8xzi6T7fqmy/WzTwkvBAD8mOYNtm1J8Y4sjys9Eal3g0k/DLH1oA52BaJApt392u0DTc9WF/1D3OrwK8btBgDzs5AGBiiUfmoxALz69xBNfsBLRfQrvLP/J0dkhBUrW3RFfGfP5XK5XMU7O/+yGNW+zE6XZe/s3WnekYUhZaGfj4/+tvwiHewKRIHcQe73RxcCi8a+n0K/8lJ0ib1xgTSL/ldaCxw64nIt55yZDO9AZDf3/hxVMyDZMXc6pCQa4UKq8OVB6Y4013gBE9ZrTMFGRQ0d7ApEgcR0vysmb2t8VcIKm/4lCB86OE3QY58u21MSKGS3gh/98sO9S6VSqXRrxUqwZZmpXAytS99IXaCCDnYFokDC6X/YgGkBxeXflQAAAABJRU5ErkJggg==',NULL,'en',NULL,15,0,'wedding',NULL,NULL,NULL,0,NULL,NULL,'2025-07-01 10:52:21','2025-07-01 10:52:21'),
(11,'E2','2025-07-31','QDJDT2ADV3','data:image/png;base64,iVBORw0KGgoAAAANSUhEUgAAAMgAAADICAAAAACIM/FCAAAAIGNIUk0AAHomAACAhAAA+gAAAIDoAAB1MAAA6mAAADqYAAAXcJy6UTwAAAACYktHRAD/h4/MvwAACg9JREFUeNrtXW+MVUcV/739w253kWXL1gbSwK4tbTAQy8qfhIDJEqvRRFg/1IoNiJHEiFtpopgAGqPJgka+bCV+cVsqaQOkabqgSVMaaeraNnEpxmy15inlVSylAbtvZVlgd+8bP5x5dc6+c+/M+7dsmzNfbubMOWfm9+6bM+fOPecOUGy5bIwxppvRWo2vnPAr7nD5Lxc7rBp8RIoCUSAKJLnUVb2HaGaBdPpZz7qVuZ2B9/XMalbtlFQS8TZJvNhxodO7EvSzdSS4DPFeM25blyXmCsXy60i/t4NOnewKRIGUYH6vSTxNqULauKFrs1c6oIy7lVRTIYMZl8Sa44FcmysJDK4vpD08YFcJ55ZOzi0RCJPrfq6Q4ZUNkthYs84RBaJA1PsttrxHl4XBAu8WyT9TQBbR5sP7Lq0nYZjtdMm2AMCmzwIADo7Q5sMOAEDLLHoe2Rvb8hirPUqXg14xnewKRIHMls2HNwpJU3+3du12gf/ChdkJZGRFIe0dSzuxySGuPUre7IrZekdCy9q1BETniAJRIB9S88vLi0Ktc0GgWOOGCgBpGpR4lkl+4fcAANvOk/d70m3bcAgA0EebmXZcQy6QHQ+5/JvI+z3/Odp8EIAsE8fVFA8ktT70B+Bb03DlRhnxjCT9qSJ/7gXrdbIrEAVSKfP7eHFyx8dYlaQbH/aJDabpunUOADx9w9/R41WDziMf0ul0Om1Hhy5jjDFZW+tjb6yGjDHG9Nlalr2xYkq6S4t8KHdBvLsGgClTyT0pADmdIwpEgcxm7/eH3JV0K5cSdg5/zmr7KgAkVbSda6PtBorMWGO9X7KddxBHz48B4Fo7ExtaBQDj9DLwJ4cExR1/AgDUtgIArhR7R9pK+wFaBXSTrCa/V23y/kRSRSe7AlEg5ZvfLyc0fsPd7Tx+jK5PtALAd0vbvD180sdx86t0XbfbNXn7JdanmwBgK/nhdQMJStkWwZjl/DUA4IKtXXc46m2lNl7jVSuWbQCAL75UqMQMCDseN8VRkq/6t7MVWRDnuP/NxnA5xtqQ0jmiQBTILfV+90r+6xr+lEpa0t6OvpL0vCzQjh0rEkkURVEUTXFibxRFUTTMiekoiqJoj61dj6IoijqsCynFsUZumZZ2wTcfWOmOoiiKZKd8mOlk4bJ19N+KQv5xNcX9KWuq8G+v0cmuQGbcasmbayaY6C1FdBDajcSR4o+uIwnPs7zteiMA3EuP1g3vxnY6LVvB389IAuPwcgDYvy9hlJStwHemcVTKVsgDKSdboYcT3WyFvCe8xxhjzLT1adgYY0wvJ04ZY4zRya5AFEgZTuP/t9zCymQlRxasLJcDgDrruFGQasrW7LP0FibQJdptt+s5oX3P64ptyg/hwIFYliYmPWp7lUzmRVE+7bO0EwEQMoFWO8b71WQxBaJASja/+ViegNj60fimlhka7mhsp3XzrdP4ukOcw506+3rp3nj907IVEkbSEDjielEJj7KlZLGN6wTvVyyn/N22MvPbY6pUjvJex9w2newKRIEEer9vk70qMYvrbcEpte+02poDhVOL3f2Ff1kTOz9e7soVAcjZdgDAtt/Ey1Gs1aUDAnFXeyH7BUtj2QpiWWmTxd5yaP+x0v3fdIgd1NuY3XxoD38eYeULS4GCjK6eGgBm18z8fWyuw36d7ApEgZS/+UCh7K3SO6TRM6FKzwi1+z7mkN60oUOrCmXN65KuDm+uQx1/lbT5CACg17VN9xHL5dVeAF2PkhKbrUDmcTO1DbmD/pV1qCfqC3Tc5N1Q/i5OPeAFwqy8GGO1mBaqkEjiTeyZYVPh3dE5okAUyK02vydLlP9dQptf5/Oh/Nepbf3tsRwpeh8XWUDbHoldR/59ya31DrBndnqur7sfAEa5531iUew68oOXhBF1sxdr3BjTq7dz5C3/8og17OKCuCoW8l13Jfy0q4prW4ZA/n9IDNN+5ZW1OtkViAIp3vt9LPYZd/DPPl25Q97ufv9X/5BoCIu7habTpwEA2+cJbbThOJWkeVAKGMhkMplMhsVrfbBlmnEL29jsC/6FxYABWy4aY4zZZmsUMFByuOydCbGxS3SOKBAFMuvNr1SOHxeIuxMEHnErD34GAP7wTAUHvT8eSG2WrtZx7f0OAFywb7rs8pD+uCO3XVgz6rkSW2jbIMv5s/GjnC8RT60BgOe3sAGJd6SFbz60AMD0FBHvG09iGA35UWN13SiSXye7AlEggeZ3o51Mz3lZv+VjmPz8LADEw2V7jTHGDAdLt0rxWn0TExMTExM5dkhEhohJUV9UpliNlOSokg+XHXN1VfNDYfXBxHgGVkvVx7PqZFcgCqQU7/fgwWr1t5LV3quvHBD2XZVmql1aJLGm7wGAfTby4XphCFk9Sf93fkJ/I1W7IzwQOTFp1sua0jmiQD66VivkW0o5oVYTzyBxJKssp0x7YxVQ7C4pfdmFn60gZitQvNZvxUio82WNnZ2tELL3ywv/UFjkzVY4Ee/odpV3EzRcVoEokLKdxooWacutseKaLZBUd7B0/Odb8koGGHWzxEpnK9xN+4cvM09SHMmAROQn6ZSYOCCZX1uyAb9G1hXgWcPdQm+DOtkViAIp2/wW+/W9aV+5e98lhuua9LJahubbQoHcUSyQy20AsI4ilY6ROCWLTYq69gi0q95er1gOlq3AVb5zJL6DcO/XFjHywe/9JuXFdQsHO04zv1Lkg052BaJAbrn3W+3yFgPSudMrsEOg/Yi2QWiLsa5fEvuEQHvgfp/+ZqtruR8IzyGu2rm6wSUK9365+dXJrkAUSPHm14gHTC2Lz9R6xX6zyz3oJPcqXe9cCgBZfujY6gYA+MtVRuTHpPzRO+hz53xAxsXzcQbjz2PZet7xfvOurVXStxQA/slVZpYAQD+PuMq5b4gGBuIRUFLE0AaB+OFaEBcuB/J5Fh+UjZqtoEAUSBW935P8oPHgT8G+9ppAPB4q/YZwgCSeKQvIYWskKaZrxRavwFAjAJwWGYnYQZltNkZ3z9cchuwGlxEskOzrWypifj8ZfLTNcgA47eW4wWryGrlgoU52BaJAZnrz4WfxTWP7i9Ql8F96QjSZdPn+nAoCocTaVkpms2FePXsBYKKdaico3Zb2crc/SEO23i/7juIi4aieq5Z2yrVhhy1xVyWB5N1SwPnW5ULA+ZyQayvn8cS7NieCLufvQCe7AlEgt8785j23+KZnn2Xmms1au0v6pDeq86mnBOLOeCDNY5KWJi+OkSOFtCWk603+sYOfAgB+QcvPl6zYk94OuP6L8wBgpyWOSXekuYI3O0FXYyVVN+rmgwJRIMWY309XTuerpGvHt2M5dvNHXumrKi+8UBqQsyUOesrV0vUiAIzNpxr/XvoQJVxQ2NoN3p3UuaX1bxfaaquwIKbY5kPC4WiJbRUQ08muQBRIcvkfHgWSOY7W99IAAAAASUVORK5CYII=','/storage/logos/rJ4d154mdElPsoGvucJz9WwxN3VNEI5pkKiGw6vu.jpg','en',NULL,17,0,'wedding',NULL,NULL,NULL,0,NULL,NULL,'2025-07-05 15:55:35','2025-07-05 16:13:03'),
(12,'E2','2025-07-31','E2','data:image/png;base64,iVBORw0KGgoAAAANSUhEUgAAAMgAAADIAQAAAACFI5MzAAAAIGNIUk0AAHomAACAhAAA+gAAAIDoAAB1MAAA6mAAADqYAAAXcJy6UTwAAAACYktHRAAB3YoTpAAAASVJREFUWMPVl0kSxCAIRbk5R/+dRIaP2nswlcTi6QIZFVlDYd81oTGU+JeI4hmP7BWpbXslzcn3FhJSJ7AzmETSchsB22oMCa/TyxmsjbOIhxeR1PtzTT28tyORi2VqpshnEkluAzYsTVgGeQWdSYZVaLQWBXGBZ8PuZJtptRYMKth7G5PUZ8+DIdasXDNI+VdCr9UvNCdHWjBTQVxvK1rRPDQnZJwIrC+/5doacp3JlrkVpR6BXBVcbfsSubjcJ/fyy/32smpnkjFzVStPA2zBEYS1UuoPonBZ2LUme1+wZnr0SJhGyH71forcFyHYmZQWTo8QWgW4LhhATnXyzuT3Jkwi8o8gjIstzjoTiVSRuvgdUD13uL6dyVZuZC+0SlWYd/QkP3H+BnYZOpsYAAAAAElFTkSuQmCC','/storage/logos/58B1g0heEXadiizPKMHlmW2hLwbJ8tgg0YP7Pqab.jpg','en',NULL,18,0,'wedding','Mirë se erdhët në ditën tonë më të veçantë!',NULL,'Vazhdo',0,'backgrounds/Tb4P6WYPLNOoINZdHjZcDe0Nn40oYUOjv1kPWkbe.jpg',NULL,'2025-07-05 16:56:15','2025-07-05 22:16:34'),
(13,'Leopard & Erza','2025-08-02','4C2ZXVW782','data:image/png;base64,iVBORw0KGgoAAAANSUhEUgAAAMgAAADICAAAAACIM/FCAAAAIGNIUk0AAHomAACAhAAA+gAAAIDoAAB1MAAA6mAAADqYAAAXcJy6UTwAAAACYktHRAD/h4/MvwAACk5JREFUeNrtXV1sVMcV/tY2iYvBP8VtDU2xTfkRkiM1CxGqAg9OE14aOU6iJES0TluQIiFSeGjVOlRtRWQo6ksAt1IUowqrktNIoTYVQrikjkRSqYKmUaFSY9Ji0oREwYLr2Gbp4t3pw5lrZnbP/d27jhud83L3nDlz7nz37px77syZuUBUuqoMaiVZgylztOJB5Uk7fex3KqWUuhq1WRX4jJAAESACxJ+qYtbLK0aY82XnBkg6WPUtk3ls0KxH9/XWHZb+rl3ettKWyXSxfcRsF9IqiPqs50ine9UNjWz46+copZRqn729Sqkc+xzpC2xXWjq7ABEgMdzvNKezMOVdPxPzvNORtNUNTlrjDWR6EVfhzEbvUyzyLuqiQz8nrLe4QHpzEyedqknggRiC1n0fAM7ZQPY2A8CzrnNdIH1EgAiQeR79xqYPTWacDks/RSAP3Etu5xJTtpMatpLGJXpIuIcOLXQg4ellOmhMAUhpxbrSAFH0O8WWnWGiX3sUpQAIE6MOBUa/NtnR7xm2XVMS/QoQAVJ+r/XOrSCNmX/Scdnn5zWQH+vBhwGmjFr+wd3EDXUAwBpS/HjXfH0gPhHyv7lmDQDgkPQRASJA/k+j39cAAKkHAECdJlnthmK9997xMUL1Kr6RHJCFbHS21qf+ZgpxrwHAzGYdNG4AgCZtawUA4O2HdQBKh8WMkdZ/e55lLduuhd5AUhuTu9d3sra+0hzH1pKN0tkFiABJyv0eKcnMEYZbvQkA3j/FeFp8+w5PI4ue9LHsTanIbb7aCACP6Oh3lNpMTPuLJneQhkxplAJn6wDgpI5+nToAuH+EMdL5ewAY/8IcPxC/WgFgdmJ0FQBM8JqrAOAkW7QyBSAvfUSACJD5HP3+JKzisWMmd8Aq25MEkMgZXo0Wt5+i39HA27s/NEdnidquqsZEbmxj4n+VRunsAkSAJOt+H7HY1QcA4ONniPtuh1H0u5d9zJCVxpdM2chICe26/j1O+os1APCr05bwVe5mdCmllLqiuQEuX0tTxiQtaydNko1p4VAmk8lk3BmrsUwxNVBRK3E3ffJ+zyullOqxhTNKKaXiPxCrb/9UniXFbHUoi9LZBYgASZoK3tm7jgLAh3oi355Ft3MDMmZnr7D0O14AgMstlvASZ1K/wF83i9a/4v3O3sq1RAtzuVwul5th3a9NozmTTM9c8LqtEwZI72yIq0mamilIlzXP6c7zXTGFOmGgii5mrgx/w/DqKZ/Bh4qQQunsAmQevLOraKZVTFUVy7QLpMHyxg1c7dWB9i0jrvsFZ/K6JawwmcEKpkE2LeMsq7DUF3yh2k39MbvsLLfqLauUUsqNfil01kXdTBMG2LNS9CudXYAIkAD36+ZdUZa65io/FXy3Qsp4IHoOLP1X4PZqhZ7nmBfR9kBjTWHPWmvZSlOYNcJMx120fb6uNlLSA3Hr1uSuvT18QIMi+crgeofaAGDfiHR2ASJA4ke/zKSy+oSOiysAIKujIErCn8ybnE38/PSEoT89413b1wonnGIHH2oBAPd2AcAFnfBKi8WObCfOThjIFd/SiXqf5o3RGqteHTQaa6x4r2VvqtBrCj/p93O/h+fZP+Zr2wzmZQ3kuaUA8LR0dgEiQEoYfLgMAKhpZISapq1ltv9JoA2XkwSSJh+wq9+IfhsOUpleKEvcRy0m90KLt2ldO3h9wj3XGWF3U/GIR6s2SWt0H1zHGbMXi/WYr/zDWjiqlFKqW3MZ78ViLhCllFIFY79j3oMPBUBUNJLOLkAESEj3e84SE/dlaxHthKVyIdj2OUZ2NXT6EtVuugsAnHcD1VN6Jl8vJuh6zOQGtgDAe29TE7YHGmvfbdbWZC1uHbOdMUW/xy2ZXbtvGwC8sSn4jlCWxuyMVQdQsMIZy5cDCJdJ3MG9M5h5IIc8a7l0Uzq7ABEgcxL9HvfhkqeTZm8v7WQpmo7LhRg6pfDv2H6T06RXJLT/iRl8GDKd0hjt8nC011LJp4zBh04rC9h6jrz7lHnuw/0mF2EytG4VALh5yG3e+Vo+1EJh/1E/nfXFonqSuY9F+0F9T6V0dgEiQKK7Xz9feTJQhQulxkjY0QIAr/0DIY0s7yzJ/XbtJeeio9+vA8DoZq4il3imaecPTCOu814PAIfs6HeMDs1A0dhv977ic05e02FsCgCe1u53ppK7I81W9NsMuGvSolBz2EGeZdE2Clu8WDq7ABEgSbnfZ8NW/GGZGzZpteRbGwBg+A/E/XyJWbZbu06llFIzrLEBe8jUcRzH6fYbfHAcx3GcKb1bueM4juNGyZSvlSGhPWSqs2u1rNNxHMcpGGwZtvK1riillJokW+nID8QQe5HVBalXV4c8zXiw3iLp7AJEgERxv/eHVn0mmuX3u+K1aCJsi3b/nZOms9lsNjs7Y5XNZrPZLG07mCdmdnvDrEHuRyI0y6XLDhUXKT/3a1Mf0xJdq4t/IC4AgKzFuZF+QYjKRax+UWxpW+H6tUQ6uwARIIkOPpx+ghE++nqx7NaXdKjqvfff4Z+VDUjwvipKJyaM0r63KUuYMzPXtEwF2yoDkAh77qRCC6WPCJDPkNfKh0eU5xTznoq+1UJTvviyK86bVOmBSlqt4Es6dYrSZRfocJHLce2l+SitoRMAzlrzN61hcWy30hTOtwHA/j2Mkbg7DLxChxV+Yba1UZhNf6tL4N90vkY6uwARIEkGjSz9N8SU9M2wXNx9REwjVZ10pGG7lOYsn1LdadUmh7tlkDirbNBS1F8W0xq286q3nxVmwNbJNXmQE9pDjSoeuacL/rLYEPdthYKHXvGXxWxyd8lld6qRzi5ABEgo9zsetQa3y52vkfFYDdO1aj4XFkjUXVx19Gt7Pj8jOvrtjvYO7e5U07etuGwF2fqg37Q8Zx8benR9Yqa2bAFwe7HY85KvJUAESBmjX5f+FVrzosmsjDmudzEQSHpH8DiA5TkeAgD00IhEwy+LNVzq46JfJ+idvUZXa7OkdwdDjfpdXe777BGiX6fYfpjolyXZqUaACJDo7le9yemsXRJo5o2IZefpsDGqrbBAbrCLsny+q/sSjTFvturttBZN6WTbYVN2XOtnmYnzwUHv1g5zwsokHoj0faDCoaEHjd/uGr4GM/qNu1RkaZt0dgEiQOY4+j1+I0hj8gQj/Iu9MeyrEc96gVsh/GSqFCC/GQzSuPYUB8RercCpdD5vBrp9GwDA2eStj8cr53TwITy1AcYYUlvIZ6R0dgEiQMo7+FAG2hdR/0BJQF78NQDgvkvRqn3ncZPbyu1TqKPfblp24bOqCrQH+UN7SgLyxXjVamvDR7rBxiTzQYAIkPK73x99FKvab/+YYNt3eAOpmeIqLGRko4HRb/MUY+Raf6wm38e1a4e2NcXdkZoEL1iCtlJ+tqpl6k2ACJAo7nddcjb/bNna+00AOPHTiEZOnfIuO9HkDeStmI1mFvlO1VsszUTl9AnG7gKA3b2MEduB+jVIleF9JBX1v8llPFfId3UFiAApO/0PEz7V0YDMFpgAAAAASUVORK5CYII=',NULL,'en',NULL,19,0,'wedding',NULL,NULL,NULL,0,NULL,NULL,'2025-07-05 17:19:09','2025-07-05 17:19:09'),
(14,'V','2025-07-27','HZ2HBZV3BM','data:image/png;base64,iVBORw0KGgoAAAANSUhEUgAAAMgAAADICAAAAACIM/FCAAAAIGNIUk0AAHomAACAhAAA+gAAAIDoAAB1MAAA6mAAADqYAAAXcJy6UTwAAAACYktHRAD/h4/MvwAACipJREFUeNrtXX9sV1cV/7xvCyt8C6XSGejmCm5gSCC6L10aM0jsZCRGwjp/DBZZF5XEBLvBHxotNcuUFEayP2ydJmQlumpSNdlsawgZbFliYf90EiO4uLK4zgmataHfjkLJo99e/7j3wT3f73k/v69Q3Tn/fHvOPee8+3mv97zz7jv3PiAujSmLVmtZrS3LG8Uu5UttAf5blFJKjcXtVgb/JyRABIgACabKhHazihEWAtlbAyQXrnrGZr7ab9vp63p9IdHfu9ffV464zJX6R8J+IafCqIfcR1q8s25puNHPX14ppVTzjcurlCqw95Ge0H7lZLALEAGSIPxe4XQWO/720wmPeyWWtrrKSbP+QK5UcwZDm/wPUe3f1Eq4XsIt41T86fRmTjqVTeGGGIE2Pm0xg72cSs8CGSMCRIDM8+w3HRrXPytvI5AtD+iw8x7T1qY7dp8tW9mpfzv0j+ZeqzdJowPAMRo1txbId038ZBv3l4oe0MC7PfMaAHjN1nD2yxgRIAJkHobfd66Hacz8Xf/Wf2JeA/mhmXzoY9p0zy9s0NzA9v+JG+JjGRkjAkSAfCyy39d1nrQFAJTJnZY2EZWToU60XeaL6QFZPMTprAuw3woAqL0EADNbTfbbBAArjC86b2CESxgnq//he5R1bL8W+wNxNqV3re/Qvt6i0k81JPG1fJMMdgEiQNIKv0fLcnOU4dZu9o20eGKhr5PqHQGew4Gc2Z0MwYjus7ZuPqI53dRFgAzXAMBxc5ivLfR10kKA7I59RRLSvRkAN16MrgGASV5zDQAcZ5vucwDMyhgRIAJkPme/P0pmdphwHWkAiV3hVUe4Qzr7HYl5eQ8FcPoocftVWZfKha1L/V+lTga7ABEg6YbfRwm79jAAfPgdzX3Tnu383W8D3GgvdS+m1q+Jb3HS5z4DAD8nL4jwcgYAKvuJUJciFIyQ5KFTVJPUbizSbbr+qsY0BRUD5O+wmPoJPfnwtp43IF2gdAAAMEnbVJk3xKpiV1xLFOtYdjLYBYgASUhFNWVm9cF7hPv1gwBwlD4+T9uDPUP0t/8UAP75Bc4X5UwIm7Bljb8HgPE7ud5SJ1RYsGnKtHUWCoVC4azhhnRdqlZp94BYFatFj9ttSimlRg03UCgUCoWBoLOpPRumqFzW7p73nu+iLTTlspWZyP9xmTn773UCJh8yEYUy2AXIXCWNihWrcJmKeggVU0Ulclk02GvNbAAzHVAUfhcx/mtJSDfcI4TzklsizNhMf4bxRameOyqlVqWUUhepcIisVgigZmYxwbBpG+ZWvblKKaVMT1YrpZTysup2xlcfe9QZpZRSMtgFiAAJCb9F/PX0XF/n2AXRDeL1pwhIb6//w2lzqLMVNvP+KtKmq0wx2gAAS4mvnE6z3mBex51fS8Oi/nkj4akdUklolPU16qtftNhPh98RKjyrlFKqU8KvABEg5Ydff3JNFhRehD8ZubEmrhdOqJ/PHZO/vUCfugm3+7N29jsW9gpmchnn5AX25Fi3ldkKToN1ooUf0VuFjn0z1LwzdK1uAOWNItnzgZ98cP3Drzf5wGW/F5VSSrXKYBcgAiRO+H0/VGX6Q0Z4YSbct3Zdl42mVy4QmqO2bgRQtM7rlKmC7dI/uki1rT/Utdkqga5W0E7Ok2B8/wRj3a5TaZL9rjZd0Kfm4Y1BN8Sn/Tv2pTUpnLhHGgDgqQiaTE+aSGX0LhnsAkSAlJH96lL22nsB4OrbNBnUbfdXxDwEqY4fG4tntuJuAMi/G6ru0GzOTNR27geAcxs4C539PmrC74Bt1rzP5rpW2ZxWHN3LZL+DXBe8pPHbAHBqc/gVIVH+Suwruo2Uy24nzwzb7etR3wjcXKtLiHThmgx2ASJA5jT8Dka2eDOyZrjP4/ZoHywLiKMjTsEAan3Kuo8UhV/97ukVWttayFihqfJz9uQDpeFGABjVuzy8RKciZh1r8qGFvPYj95F3H7d78rNemyu+ITb6Y65ZAwCvcE2NUc/bKn1veSlIh3G2TMu82+JdZLcLfYeWwS5ABEhI+OWyn49+xcbK475euqMe7vW/hetoZ/e0xAy/5jeno9HClQDwb1Na0Pd5ABjZSixGCdcA3Cw8M9T2PR2hmPDbvZfz1QCUzP22Hyzt7OVL+vceBwCeNOF3poKEX3YNbQPgrUm7QdnwdQQNUSd56uNtFLZkiQx2ASJA0pl8uPZ9wp4+7Wv3Y7PHV7czRx27TGYjdzUBwIk/au7Z5XabnihA3pBSSqkp1udQ3iZVurusVyDarDWmzJurfD6fz9N6rWktpPVa9I1VSz6fz+eLJltOMG+sLmtfXrlslA3GIm9CVhNmVVUV0cl4uF61DHYBIkDihN+HzAj7g7/OMwH2W3xb/sVtHftiX2iPJh+K2PV9f+WkORJ+O13Xdd2zQW6mXdd1XbJ8gpbLelnygOu6rmsCbRd1EqFgQFvP6lURru2rNeCGeIMiZKWRE9fytsK1rZ0FMtgFiABJJ/v16PnnEzn7i97YcFf37QDCLm0ypQh9O0qbOg75OzNm6rZcESfKHIuMEQHyMY5as5ERzQay/k3lbdM0W3ralQoYzrk/Aze/rWByweceszS9cllu0S23xXfgwlpD74SWy1I6ux4ADnZwvvjsN96nbfhz3kUWixmKvFqBB0JWK0zZ5jLYBYgASZI0pkPXogqrUjhApQk/Ou46huMmCatNGxclTVM/EZpyWdq2ir1XOKW+KPVzQjrVqJIRCb+BXxYbCFit4AEp/bIYpSE2/MpgFyACJE74HY9rwb2dDnQynqhjxiq7KCqQO+MegVkspoKcmPLX9nhP1N5ONbpcltKnta8LvbbnW/axoa80puZq504AwJOGPSD1WgJEgNzm7JfSeR1xKlJwEgQktyfUCdmpZuc264o6PYyGR6aNbJUQTlljtp5IN4Qbxv2uLkdRst/wyYeg7Jcl2SpBgAiQ+OFXsQVa65b7mp+O8FLnlM188IHNbQrVTwjkKrsoK+C7uk+wH3Yki6ZosS09gMu8OO/v9+/tCU5YMXc3xIetv99K0/HK9TLYBYgAucXZ7+DVMI3Lx8K9vBzzqOfOMcIdTjlAfkmCZO2fSpPTS49zdroG7IhZLMaptBywffU0AUB+s78+vl6RYvhdD0TbZm1JQzRf44Q7JYNdgAiQeTL5cDDFLsX1dbgsIEd+YXP14V/ZGb4LgLeV47P6y9/f4DZcNNlvu152EbCqCnoT3G0dZQH5JHmMiZS5Wn8vj6nP09KsDHYBIkDmPPz+4D+JzH5zMsW+7/EHkmVXiy1mZCM0+9VzI6QUoWGKcXKpN1GXH+T6tcf4muKuSDbhycky2W82vXPvBPmqkldvAkSAxAm/G8tyQ6zfJNxPvgwAx56J6fHVV/3bjq3wB3KmLBwTep1C80kAmFpG2vSbqII5wOjdALCP7lQzwwTQoA6puXseMVSRTCUj39UVIAJkzum/wOTTioU+SRkAAAAASUVORK5CYII=',NULL,'en',NULL,20,0,'wedding',NULL,NULL,NULL,0,NULL,NULL,'2025-07-06 18:30:26','2025-07-06 18:30:26'),
(19,'F','2025-07-19','JPWCA7VTSE','data:image/png;base64,iVBORw0KGgoAAAANSUhEUgAAAMgAAADICAAAAACIM/FCAAAAIGNIUk0AAHomAACAhAAA+gAAAIDoAAB1MAAA6mAAADqYAAAXcJy6UTwAAAACYktHRAD/h4/MvwAAChJJREFUeNrtXX9s1VcV/7z+orxOukKnFHFbHZshdtEW5pQUk8fCzMzsnokTmPIrNpqQOkiUP6C6RJOWLCFmncTErIBrUDBmW9uEmEEEtWCi3YoG9I8u0IcTMIK0la7tXvm+6x/3vuWe987353uFdjnnD76cc885936+r/d87/fec+8XCEvXlVJKJQ3nKKVUxjAJpZRSY4brUkopNRjYcb2y6HrYZpXgQ0ICRIAIEG8qK9BeOTZHmBxulilmrk3+qkMm/NYCwOZ/AABGR3zNmjgnTQy38Iyld+O+sO3KVqf8qJs8RwzV+9fTZ+t3GeGYUkqphOEy+bVlnyPdvu1qks4uQARIhPD7HqcTj+XLJlW4epxpj8JJEkfjTJCf5Myq3IG8dw9nMNCcL/tGL6OY+ITN9djM8Wf0dYu+lBI7UmvyjXzHZ9dy7ZqoKuIDkdKr1v8v93AaP35A+ogAESDzcvTL0TUv9tr8ATK+TF879OUZUvgg4bTK/lE9+dAKAKieO79I9unwPAC81e6hsrscAPYbbq/0EQEiQOZL+L0wf4EctZlNj+YrfNxobLL1zx6Yc0C+bv1tznAKdRsBAP2G/cIDAHBW+ogAESDzM/yeDCG16feMfuXaIgCJD3A6KxnZ3u9Zv6h6kpS1bQAA0AYZz0sBAK1a4wViN6K5JANkJduuuDuQWHPQG/CYV2EzAFymssrVFvOZkLd7SbN0dgEiQIoVfg+Gs/v1hL5+iyt09zUwrK+bK4JWdDAkkKHWcECO9errdvsnTfwcAPCI5rqeAoBxEt/O7dTXrxEgw7YZpdbQv0hR6GEAGCfcWwHMVsQAZKSPCBABMn8mHwLTi4RrLwaQ0BletQCAQ69E+kVbnwMA/GgfkWqu/i8AsqtytWHbVVYb7QbURDOLx31vEcdIZxcgAqTwqPVVj8LtLfZ495i+HqoBgOff1dzrJCuCODt9Ot/j4X6/Br2vZyaxZrclHOzkVH8ZB4DNE/4oj7rnayUNR/J+vWiQ5GtRmtKklFJqysj22HWzcw+YsPO1yubCn8WCmPQRASJAZps8uxnNIR0hQsM5JQBUgNtBzTzqGfGoOydqVQHAqiGubItj0XlaNuw4juPsyYZMraPItgvHcRxnzHBdjuM4Dr/tYsyuhw5Ak47jOA4/+D1vmznKK/yWBP4zLImkEaAsmpl0dgFyh97ZlUcsU74i5aePAAr+ibjKI/yayKEzp9CxFwAufJGojtKBXiUAfHIk6B2jFYxVA8C608x78yinn41aDQDQ2e7x1q13K2RHxB0euxWyQILuVmBHv+67Fejodzgn/CqllOqgwttKKaWkswsQARIu/Bqa8becCVnTrOlnMvlAYiaOtHOzsQnCLfTVoHMP3ML80gTzPDCyfftcWx4nZuMVTPg1dJW1H7ZVkpxGwtZIed3FMb8tYC6jX9ksJkAESJHDL0t63bk6oF5xfHm5rg4MpI1wZkH/ut8SzPi9xPoA59KopMvdnJS3cdJHmcmHdWv8w2+AuV8m/H4w+cCd+ZBSSimVbWVahaKjObModpl0dgEiQAoOv1P/CeztciQVI4rdb88v/NOE2HvdXd24EQ7IGZPUat636Uo5WYLa+aC7F6PIaTSazWKXLNl/jWK3ndlWr51MtDO+QjwQn3qYe9TYuxV2elivWQ0ALxf05/P44wCATunsAkSAFBB+dRJlZQMpJZmV45prJKcDDHn49s/L/Fu+SL3NOalf4ucqZ7p6y6sAcG0ZEfbpwWKrPfo9qac2d3Fzv23rAeRu0h1cDQDn3rVlL5H5CR1+p7lZDZxYbzGd7RHfRxY3A7mZxMbxLtagxfXh2NhIgEgfESACZE5OPmj6k758JVJGTzZqfZmr1yOXa0qXNS92B2Leqdk9U0dXAAD0v1/Smq+bqKqX3n5DlvOIkzrO84AZV+qlt5/cBgA8qUe/I9pzsp1xaSo9vxgANujh+E/NCTK6njK9h8vllDV7g9fy5RoIUVhlM3T+vGK171Pxs76VvsMpPJQT0kulswsQARIg/Oa8fDLvon//nbv5AZ3hFPsu4+TTT/hV/soUJ9XW9yeZolOnAADbFgWF15FKpVKp1P+UUkqd4CO7nTBQYxapNGWnG8iUqVfCAEdswoChq0oppcyZYyZhwOWBGO04L201Ln1EgAiQD8Xo19Dugqr9QUHW3FRj2RinyW4JHv4oALxoMhLMihpjXm1kC/Sw0nA69H97q8bhbp1dlcuZfPgcAPx2E6mbAgmxHsmpfqTERy9GuMpKohnPX0OcDl63dHYBIkDChN91pjO9AQCTT2uuZRej+h1XJ8qMc5f+yhL+awun2rN8lgF5pMtm0ul0Op3+IGEgbZPK/0iEZ76Wf8KAcXybcBm7Jdl02QmrCSrAAzGWEyPLZ/eWlrtzXi2Rzi5ABEiU0e/+/ZGc/VVPzX7z5bsBhN1nO8qOfvUcMDN5HdNObptBM7sBZHCVm3WRgITwHItQEk5H+ogAmbtRK8je+kw+9EyB9yNTbCAOG4bpDiouXXaFThiouWnrlwauvaL4vwg/W7HRYg76ntlVfkn6iAARIPNs0OhP79MBlZ5Wiy3wsJgufuOn84HEkpwiyYy9J2kH1429ZJCpk6wSp2zP1CXNSCBlfxh1LcpSLyek3+FR0YitLuGu30c1yWaxnKMSGOsB6ewCRIAUHH5vhLUIecqdw742z/hWaxSqFgYFcl9YIHr0u0af+H3M96iEcybu7rGFt3xrzX7YsZs7h1f7utLDeA4DxP3Djlz4pZkPhto8/CeZDzvmhF8u80E6uwARILMz+uXpnYhlBdElAqRph68B987+w4xddPoRd2s6+u32819lNBrcPbbog3R+RiuN+F1dpYKe0+gx+tXkBB/9XpWjEgSIACkw/Cr2A1MrlxS9WnPgIPt9lDO+1hcv+gGZZL+PM9AcrpVtLX4a/aYe7qiE3l53O525O7h21h+Ihtb7AonouK4ByO6zkM4uQATIHRn99k/6adw6rq+Nn7KEf6bv+K+FrPXChaIDOUyCZM0fAeQcJHPT5Lb2ESD0EIJNNlPfbzvZ85w9xlxL9Mmxt1uHihl+G4Dwh7OxTqYJxz8jl9RJZxcgAuTuTj4Y6mRC5oaHwplp+vchNmTqy/crigjEPgmx3DDmoIWuZwHgipl10Ptrtz2rm3wg3xrLmBMQbhnZCTuGHTbCncUE8jH7b1NHxXHCXiHqi+jGu1prGO89g1EnnV2ACJC7G363AwBiv2CK3t6aLztyMlo1R44wwh3uQKrY7914fURLL3/VuBeh7wnLyU0jHNP1Bt4v0ENj/iIA2GGEE9wvUjULP3pVYGE0l5VyVIIAESBhwu+qwn3NfN697PgL7mWPccOsN9+MBmSoGHfFOGl7yRbqRDXHlKWWW0JDF0fdfXVvY8pK79T7SGnEskL0pbMLEAHiTf8HtGLd7M9p+cIAAAAASUVORK5CYII=',NULL,'en',NULL,26,0,'wedding',NULL,NULL,NULL,0,NULL,NULL,'2025-07-18 14:27:45','2025-07-18 14:27:45'),
(20,'Klara | Simon','2025-07-23','9K5NMFDYE7','data:image/png;base64,iVBORw0KGgoAAAANSUhEUgAAAMgAAADICAAAAACIM/FCAAAAIGNIUk0AAHomAACAhAAA+gAAAIDoAAB1MAAA6mAAADqYAAAXcJy6UTwAAAACYktHRAD/h4/MvwAACjlJREFUeNrtXWFsHEcV/tbnS1xf6cWNaeu0ULuQQESMwEkAoRgwKBWFqjGKKImQUqCRSoPTokgVclOBCnIq+IHigJDaJkJEQm2E2jiRolKrJFJNFSRXFlUsRU1EnSqViTCN18KJ3Xjvhh8zZ+bdvd2dvdvYDnrvz2nmvXkz387N27dv38wCSWlCVVDRsLqUUkr5ptRvixyLV9xmy08kHVYd/k9IgAgQARJN9VW2Kyr9m4mVLDjr1JJeXU1AOuJFR+zC1gHTOdOt0ZUFALy5keONML2O6LF0H2XknceFDhVHB8l9pLt0FSvvI5SGaa8XlFJK9ZjSNUuwNHPd5D5yMHZcHbLYBYgAqcL8XuFkGr1kOo2SZdkIZjJSV7naXDiQKzdzDYY2Vdat2aF/NUZTaAIATK0w3u9jANCwg7Rrhd3A9Qq90cnVTudSuCH+0i54fwgXXEd4Bw6b37ysEQEiQG4M7/dfnFNbd3tlXcA+fV/V9rQFAPDPxQTyyABT2XWysu7v1Pvt00NfZZzGLAB8alIHH3YCAPILC6Ra+u7dALCb5T0pa0SACJClZ35daJSp+w+pfJuRz35iQYF8/zva0Ixpt/d32nHXXv8LWmQ7165d/2iR59pt1lg7E3y47kAeoBZzm8XK6sK7Uc3vywPAc7JGBIgAWfLmd2iWCRG8tmSANA5xMmuZul8z3m9wLyn223Hby1sYJfsCu9QZPsq17Lgaw4F4m9K8SLay45zAF+xCMULTyk2y2AWIAEnLah2qSU146/deDW/1R2PDH65KMw9kZGd1CM4BANbo1l3P6pItcMkoHs4DwCuPk0Ge0r8/CI8B70w8I1XSx+oAqFJpNQBM8ZKrAeAVWSMCRIDcoMGHp0gpIlb48svhvL0pAPESZ3g1AwAmdRD7c2OMRM/PtHPaCFRkPhjy8wBwWTuKayZtlgk+/DvpjDRXdwGa4rHG060p6JDFLkAEiONi/1a8zJMbAeDIiyl2+z398yfO+usRffEJABjbo+v2dALA8d/r0rO3AcBPtMOKl5wnY4jka7E2bGZmZmZmpmR+uXyt4RmLaL6WsYBtREmvUkopM1YMKqWUMkFljCullCqlVARKKaVSisY3AMBcvEi8xKwsdgEiQJak92voHrtw4oQ2mT125YMJlbxIrP0jEc1Wk1JHoZLOEPOrdGUv1aIrTaGrUCgUCr4p9dvNyrZd+LpW2ea35P0WCoVCgXfKz9jNirrQUTYjdVX+C0nwoS5Rsyr+7TbP82SxC5ClYrVULT2oiFovRSBNETNjeJ1c5WTsY7AeZdkzu+GtME5jFgCWNzEam5z/U0YydjeAGqQNF2a3QmKSxS5ABEiM1aKPdR4xx3PV6TTNMnURzIgedF1dxhao9wBAmffyWfOIa5fqlxElO+yU/FGTTtXFzGFzl21jTeEOAOW7FUpkRFpJiXTepnkDurJ3HwCcN2+/BjcDwBGTAjbeAgAPmw0DQcb1hvhz5nX982QeT8Yr+dUGADhgXrYdzQPAV6nISQCYvUkWuwARIAvh/bLvlkllPlzcuyVelwMvnqZigRw+zDSj3u+E/Qrms+SNFd2t8LhODjAOot7YdUcP8X5JeELfODKm7m4AQIMp0Su0irSu9lmAnPnQRlj0zAdDxxhXlfN+HegFqnlavF8BIkBSDj4QunLFsiouFJEkP54Cgov6Qbu+n9SadKq+m0PbXTL+60wDAOwhuaHa31tOVXJ5stAiA60JB001aze5e4QJPkwbkb5wE1iK/c44msxhdkS+UkqprqRX/4wclSBABEit5vdNWk2KH18BAO9dIhJk05e3nlOSPs2SHtbb7qKnQxEFA2jHVsZk6qMSDkVkrjZdBoC5Zc4j0vlaf74WK7glgqePSjhRYG+IDwApbWd2oK/HSpyPV/JNWewCRIA4md+yPUPHF2EMtM+bNru2+4tln0Ke3Pv0tq+Ntvml95G+gXDz2/OQzYtIlzV0K5cua6wW2fkA4oH+xiX2u6Hinoe77nK+xBvCbq21UsM6WewCRIBcx+DDyEjq3ZoXYz0Jr+PJ8DdK9Rf0LxcG+KTmnbuXa6h5XWNxfX9aC761hQtyPGoDaTtVeWnvuWCXTm9nhmBixvU6rMMeb2l459gB3t7gdhGXaSVvOYgyEaYMqTtNmc05WewCRIC4m9/d4bx/7HdWszu89O0vhTfbE8qZesq16ydoNn2H7/u+75d8W6WUUvPpsr5FNGRa9saKKDGk31jN2Tr8Hm5EDqeUn/F93/f7SsEHO2Q6b7XzQOixls6HkOWBkPec9ekczJiXxS5ABEiq3u9r5MyZn3Ii33DtYf/+RQRyKqI0kQeAB03wQUdvSdA3r+vGW7nWlMJjv80siztB+G/uzyNR2jJkt0J4dy66qlOSlcUuQARIWsGHKGL2z0+1Obc2x+q+7wEoUlWP9gHA+c+TytdJpPEjxoySD1V00ISBYrFYLM57v0WbzE4tTWbMTTav3PsthlIpYaBo71YwRPfqlrxfu3OnvbpeRImrispi81L/G3my2AXIolutYnhdXbi854XzSDPlsP0s/HC98tZFxmq1aaKCQ8wXYRyyTKmuYS7L1IhwVot/ZldKKdUXPyO5dwD87xDx2ujHjwFhJ9UYejsra0SACJAl7jR+kHj/7mwVnASi9d36l+THZrqJzHItYSq1r7ltIHySjeCH9OO8KVHj1W07TasmGRYl01t7BMbqdsYqtruucPnyoxJsXtlRCUzrIVnsAkSA1Gx+k56+F3nKHVHW2FjLwIyqnOtG0foPJ+1hgkHS9EMAwDNEGd2rmxSHUXUw4gjd3jSjKIb2AcDcMwv7b9orCQMCRIBcf++3jMJz2Gcvhrd6p1BTp2ar2WoCpGNXbDuyW2Hb/QCAPp2vNUmyWns+A6B0xvcodXtNCEPfHXaGv83KGcF1XGtNr5tOAyb26/5dXTaKUgISe1KNIXazWJT3SzaL0divLHYBIkCSmF/1BiezdmVl3fAH1fV38WKsyF/jBM6+T4qnGSBX2c/LcN/V3UeCD01HAABcXm0bOZ7rLO2A8EzrgYE4IEfpqeadad4QNwMhRw2tJNtBzlLmV6zYb1HWiAARIDeA90uJOwb8yy2JxHkaHV0QIFmTYdD+W4Y53AIAW+mRWtpo7aKx31/YJRPtHWwBgNHtCzQj2ueOOhbozjtdtZQ956wD+G93ymIXIAJkEc0vR4ODicSnD1CbN7wIQPI6unGtldQm/A7P7F7n1uPXbUb0re/dhZrr2zKy2AWIAFkU8zv9o9raP5QCkNw0J5PwXWCBnvV47GtW4ZDZpOszF9AkX5jYQ+9eABhfwxrcWwBg1+GIGcldh0nPuVUW4T6UnCx2ASJAqrZa62tSo1t/9CjDevppAMDz9rfBy0/DZujViO/x3p8K9Im4fC3flPqDIAiC+S+L6X0GQRAEQcDv1Q0sCtmrGwRBEMzv1dWiKs0vi7GUqazyMsnko0UystgFiABxpv8CWm5vDJs2Y/QAAAAASUVORK5CYII=','/storage/logos/8q6gzleXqUh0hKowEbTNV4Q9OhkDHka8lGbn5Uiz.jpg','en',NULL,27,0,'wedding','Wedding',NULL,'Vazhdo',0,'backgrounds/bvySXbAUjmtpTFhQtUkKgsR5bZY8Y9s2nhucF0Qp.jpg',NULL,'2025-07-21 06:54:44','2025-07-23 16:51:23'),
(21,'Donika | Marjan','2025-07-24','DVA3TDSWU9','data:image/png;base64,iVBORw0KGgoAAAANSUhEUgAAAMgAAADICAAAAACIM/FCAAAAIGNIUk0AAHomAACAhAAA+gAAAIDoAAB1MAAA6mAAADqYAAAXcJy6UTwAAAACYktHRAD/h4/MvwAACjNJREFUeNrtXW9sFccR/z3bzxib1Hb4IzkKwk4DFQqojRMnVUSaOilp2g/gqqpI/4EqkCKlpkQoaXGpqkQVJFGrSgbEh8opEVLkKB+oIaJSCa0lnFSNiGhQqrR1q9ptqZMGVB6p4ZHjvZt+2D3Ysefe/Xlng6uZL+fdnZndn+/t3Nzs7B6QlM4SEVGP1NRNREQFXnmYHOoXVfpERGVb6CEiorNJh1WD/xNSIApEgVSmupnvwpij2gocfoZAOqNZT8XVyXWtN5eTdwNAvpPpMqUxM4iOVgDAggq6Yoyrk6JoIO5zhNNJ23bSrey1lR4RERkA6HA5gufIQOS4OnWyKxAFksL8XpR4GnNxtRnx2obwtiZW53nTOXKN02XpkqSxKRzIxQWSwMia8KFvBAAcNIVhI967V2DsMpfxZW7lAqbElHp+MV34jfulviebMnwgHqgBQAerU/JiDoB/UOeIAlEgN7D3+++kAu8Jde/fAEBuAQC0PgkA2BnN324uuwAAx4ddJR1bAADN1/V95PsAcGVnbP5vNwPAcUGJTnYFokDmWvCh9Kc5AeRbGwRdg+Z6MwDgX6tNadBl+WCbpGwwgx9HWiDrhLrco+LbjMu6R1S2IadzRIEokBvVao1cNte1bojgeEplRq7moeyANI5IPCuFup8OmWvZuaWlhxlLvwlm3ubWfcEGOG8CAOwuGQto5Dr+FjrKleK4GsOB5NZkebcFZcuXu6VPx9W0cI1OdgWiQLIyvy9Uo6WC8JlfmevnbwWAkVFT+mY9ALx0WdCyYENc1VUSX7EqExEFa4Ddo6Ojo6OjgfkVVqyCzIcCERF12xITS5n5kO37yHIAuJBY7PYcql4R1cmuQBTIzE72H8RlPHTILT3P2nZmACSX2M4tAgCcN4kZ94wBAFqN7ay5GQAutFjz+x0AeKuLSY83AcAz+8L126W3c0nvyKJ0/4BWCV38/0N2fDrZFYgCiTnZv8SKK1y7+OcdksTPW8N0lb7CisPDAs8TyYY3tt1ct98PAEcOxBbc6GZCvVPB+7VUtEREREE+Rm+xWCwWx23pcNGhKXm/blOReb+WApf4GBERDc7cA7EhRm1DuHht/trf6v0qEAUym97vyG2REveYy7sNAPCpDwWOo0erGdFpaQiPRcuVy+VyuVwS2wbL06kvsJxERNTB+LvL5XK5XOBKxG0XBaOM5b2aqmLaO2J+W+Vsfng11XDW6BxRIHPvnZ0SaqNkSoKWXKrOpryzG/FyHXuDPR8tWGwAgBXs1fq89DYsVo41A8CD1j/2cwD82ughiI635TSmr8S834kY/4Hi9H0DHufgsd8g+OAKBLHf2Lve3tHdCgpEgaQ2v1ey0HKlOtZSbGWmzbxXlpi9rqs3185mx77VWHPCowdipbF89RLjfKmyXah824h3mLah+vBObQrYRBsAbBZ3BUibxaYEH0aJiKhPML9TXrd7wzeLTQk+CJvFpni/ZrPYlMSHCSIi2qiTXYEokDTeb4xF5djrzoZxXkPCsVzIAsipFqHR7kS1y0srIpV132H4jYBZsYpPYy1C34sBADf1Ms56aZSVaJCIiI5Fer9XMx/YmQ/9Cc0vp77ITbqB+S0REZFOdgWiQKoJPlSgxLvE/i7UTSTkF+kMA9K5CQCwrYIAszjDzI1tfdrxd+dZRmOLF9lSl6BkqF2otLTt2bhA2gXvd7KS+R11bV8Pj25E2srDkcEHTnrkjgJRINfP/F54K7Ne/3hxloDsWgUA+ASr7Mqu1/374nIOLHYKl77K2owlfOZUpTuy7ob5ybgjeZk3PWSS2HSyKxAFkshqHalKjZGufwQASr80dUvvBIAPfscYT58WpF91C/PXxu3012LwYX0ofydbdDpkvVJW2WWkux8BgItWVf+dAPAPrljshlX2hAN5gHW6d33CB+LChQyIva5ygj00Sz+ftjad7ApEgcy89zvye1b8mblsZXvq+b77PemGlE5M3tu/Szhr5YUtEme5BsCUeGXvk0JQ4KTrxv7Eer/j4UGEPpNr1twSOvRNB10lM3J4xTJgejhnmcB4S4V02WVxe7u1Vie7AlEgac3ve1vd0pZPJlS6NbTlFb5ibvci7BFs53/DleBp5v09wV3cQqFQKBTkJwgREX1kOIKEAVMq8BUrpqS/UCgUChVXrAKD5eZrxSApYeDqHWkGQg7OtFTPV+7Epc5mwFnTbNY5okAUyFz0fl/ihxZ80QYAmOV80C0MDbml72Y46K9LlZ4lm/HqeZ7nTUjm9+rh3p7neV5P4P06Yl78oRQ8z/M8vmLluRSSLut5nuftsqVJz/M8z6bL1uUZZz7GIPJhVUmyCvOxqiJ48jrZFYgCSWl+Ly6VeCJXfWhh0m47BM8x8REBfLBsmT5IGNjl+77vT02X9X3f930KP6kmCD74vu/7QWDhsD+drn5bwVEpe78DTC7ID/N93/c3xnkg5uJHXCIZc4mDOFEcOZ3sCmQWrVaCbeR+XOjhOokSsYc0SkOoq/DtnJw1kuYQlyBd9uwiAMh3hBvVfeHpAHulhLBFFfambZECtWa3Qp4Nr5Ibf4c5OPG1h6VwiCTQ/hvg2kk1M03WHb9rTCe7AlEgmb6zc/oo/pK0OcNwXm6GgfRItSxG2MBZjL1+lEUWWh8wdtTcZMtvOdiXxQLqcZ2mz5LLLw6It9XKj6hUxLuT0mXHeT/SOY38pIQAo6ArCH3rXl0FokDSW62kp+8h5el7/Ji/K+disjfND1fCRlK3OOmAjPd738qod8/5fazIk20jez1nOQY2u7WrGU8mXxZ7KpJjyW63dETniAJRIHPT+x3jxxu4B/TTX63nuQQALv9zxsY+IQHpfDxSjoUBtnPv9z9O4UMbpTB7df/QJbxov73PLT0lBB+a7Bv5Kuk13dCJFeId2RyFI5tzzz+3DLiW47ExH2bK54vjudfFdUInuwJRIKnNL70h8ayMXpB6PXYl0umyb8im7d58FJBL4vdrRyK/x3KeyfWatToeabUbZZdE4uAJE5xsNyb2+9g3AAA7TlX1QKxIa4Fp6bKtd2fdy33mskMnuwJRIDPp/Vakl0Nb3hy70YA89yMhKNBtdkystifVsDQ0c/jtm3bpzeYi5AXvz+rq+5pbOsZ2Vy3JEAjbj3w1Mr8KcNJlV4WLL3XD5IzvMqv9SwxdOtkViAKZffPLgouTu2NKPRt3Ge/1E7MEhH8WQvzyzrjZKsDW9n7Mgg89+wEEHzL4uI2UmE/1ntk5yw/EStSWiKOmTSe7AlEg19f8fu99c30xVULD8+9WaNzkFtZ9ORWQpkmJp1GoG7UhggMCkN7nAOBcuykdZt/9NatlZ/gJt6bXBTb4wJo+Iw1o4mMA8PjBCnekKZPb3AQ465bROhuTftixSSe7AlEgqc3vXenkpUO3fivoOvpDa5OWJtO/f39CIKdS/iOYXPdrADDZIvCVLaNfjX6ZSjPg/dZel1+VHpWgQBRIDPofdoPgFkBznxgAAAAASUVORK5CYII=','/storage/logos/PradS77hmhfvIcq7OyquvcPo3y4ruOveaFMmloNZ.jpg','en',NULL,28,0,'wedding','Ju lutemi ndani fotot dhe videot tuaja me ne për këtë ditë të veçantë!',NULL,'Vazhdo',0,'backgrounds/t7Z6xhJmXHN484ELoBLzPKs7ptwF5C1eUSpHLvpT.jpg',NULL,'2025-07-21 13:25:56','2025-07-24 16:02:43'),
(22,'Bilal test event','2025-07-31','LMEBA9E7YY','data:image/png;base64,iVBORw0KGgoAAAANSUhEUgAAAMgAAADICAAAAACIM/FCAAAAIGNIUk0AAHomAACAhAAA+gAAAIDoAAB1MAAA6mAAADqYAAAXcJy6UTwAAAACYktHRAD/h4/MvwAACj9JREFUeNrtXV1sFccV/q5/GgcD/sGNDIliTMAVlS0FA0Jp4MFu4KWRuUnVYNSWtE2rVAQCD41aQ1VFjYyD2oc6dSvRGpVYUZ1UCrkQIYTjwINDX0xRVfzQmCgxCqG0RsaAnev4b/pwZt0Z++zs7vVe4kbnvKzPmTNn5vPeOXv2zM8CUWlQGVRJshJTNqwVW5VSSvVqrtdU2eOwn1RKKTUYtVs5+IKQABEgAsRNeRnWm1aMcMpVgwpzsw2kNlj1osl8M2XWo/s68SVH7Y10GagAgIJay2TtXPuI2q+ZO/K3IP2jP+SkvRn9Nn9Fl3rNXkgAmGZv1u5ngmytl8EuQARIBu53lNNZlPCvn47a4GgmvVSfctJCfyCji7kKPZv9m1gcti+76LKSEwbS+S2cdKQwhgdiZNq7AQBe6bCE7fkyRgSIAFng0W88dIMuyz9HII9RNNv+EVO2hzq2mvISzTo/YamQsHuFfidIAEhoxaK7C+Q57T/ZwgPG3w8dYKsXAUC3KUockDEiQATIAnS/708EaUz+k64rSgFg6NoCBfIznXzoZMpKAQCf1BB3ogEA3ttu6S9acA/EpyL+Nh+pkDEiQATI/2X0+y7FSY8BgNKx09JN/vr9/QCAeiutSPVyvh4fkEU9nM5aR/1tFNoOAcDkNh39bgKAcm1rFaOP4aK5wsoPfVtZy/ZrkT+QxOb47vU9MdpatlkGuwARIHG536PzMnOU4aq2AMDVMxGNLN7hsOxPich9HiwDgCd09EuPhSpi6o6YXOvzAHBBz7n1FgHA6X2m+60/xxhJvgUAN758lx+ID+UAmJkYXQMAt3jNNQBwmi1anQAwLWNEgAiQhRz9/jys4vHjJnfYKjsYB5DIK7zKLK6Fot/+wNvbEpqjVqL2K68slhtbFvtPpUwGuwARIPG63ycstuowAPznWeK+32AUvfG6wwxZKftjbP26+QNO+vJXAOB31gQR3uRuxi6llFJewrnTXKs7a3IqbZKW1ZGmFk7a637T6XQ63aq5YbO2npWrJG7Mse73klJKqWZbSO1k/kAs+N+fyrfEV1oQqCGDXYAIkGxGvz2r5qq8+6OwxgaodsNvmLKnLG4dV51qb/iLfwMNvu/QwJRJI7qsmVjypl1a2G+pmp551uv2HrOsN8Q/gCxqxt520W626c3zXTOFemVwXk74X1zWfoYJR/IhbE9ksAuQbHktL7wIkXJUhqIKqx6KVMR6jIo32GsDF/l7KU1KmT6ZYjRKzP/JlZVcmRfcWsIck0nlzLU1i1YwlmNdQffwWf+yrg0Gs7eNrv/OB7yVEij+EADG7iXux4fCtjqYK4NdgAiQCEGjvf6KuDzWZ0xkqy8T82nMA3KRNnrVEXeQsrGdjQCQX2fVsKeSrLJyroU6JsxealWrpTDrHLPX7HIVZ+tcMC5H8kFT06zAVfnRgNY4ocLRrL1/TUoppfpDJx9ksAsQARLpnZ2bW555AQ5Lt/yLxj6z2KKoVjjhiAWk9msAgLaOuYpnt9lv5ACAqyn/HhSbiig2y/6wz1Id999j1dJiGtFUY1q+3cE0gFqllFKz/vedVvLBCzaVUkol/d3vsC5qZXxsq21r3N/9eskHs/ZM8kEppdQuGewCRIDMw/3adIWRjY6G0/OTZq6XOZCd2v2YsusrLWECANRKrva+fYyQql1uM2XrbjKKTeVmxoOoUjdKe3S3rudaZd2vph4u+k37535dNGAduUPut4RTbFLRSAa7ABEgIb3WhSDNq9ctto8uG7LWM+pQ+QMAMPxBMJATdN2+kSnspP0ANCV2xj7gRetPmbe0bj/Z0p6Wc8rc6qVjFrfdin7bnwGAvi3BQGhazufUn4aI/8UG652hIUqtmTcWGewCRIB8DtHvyXnZDq592hzt82ssoRyPEdsl09T/8RaTo+eIF7HVnTWTD+Fp2jxfK2mtAraeIx/sNNv+bYfJeXeEe7D12WzRGgDw1iFXF2TrR8J0pZhk3mPxfuu0i3Uy9SZABEim7vf2MdZXMvuK2uy33Ffi6BIZeTCZmfu16F96aUHnIwDQv42rmC4AgFXsSTU/ATD7TLBec8ru1zr5MECXCmDO8YZNzIKBO0N0fTABAE9r9zuZG/xArAC8PWlRqIJL8nBnJKyIdlDYkiUy2AWIAInH/Y69YLHnz/tXfCFiQ6++Gk3/zl6T+84mAOh6m7gXl5ll+xn3653T2PwcAHxcY5nuv89gvpcyi0osL5xHuVl6d7+80dFbc+ptJvo9BgAT9gKLrq0A8LqOfq8tB4ARSjTUX3S9jxQBwMec0KEfXt1JRcDMoW4uWiyDXYAIkCjuV59LXfSWKe3uZlSfdZghK+V/NkRXd2XWo1v1IRX3/4OTumasWEqPj4+Pj1dasjp2vdb4XLJnrJwLBqjCNM2M6eqKWTCQ+brf/NgVA2sn8mWwCxABsiCA/L20tLS0tPR5pugkFZVeyRaQPNdkf+cOAOjWyYf+1VbWgtHXKxjYDSA3s/1AdG6ASSCo7zJGBMgXPmicdiGaZrgQ0KdDcxFtUdtKOYYzbRbz3tl1LPgRxw2ac/4P3zaN2fnTSk5ol73PvLO76FI1ABw6aBlxRb/NSimlLmmuxzoqYdB3ydS4bbLVsVd3OHC3Ag/E2q0wIuu1BIgAieB+M6z3mXaBrknqsbBlmc50m0byknQlv5vQHCUJ8zV3D2lojrxkY4q4Kf9bqpfL6mopq6zYflaYUVySs5XihHaqUWVGXnNT/u7XSz4opZQ64Xzome43ybTWw7pfGewCRIBEcb83otaw14kOcUKbbmTUMV2r8N6wQKKe4mpHv3rnbsmQv75e/toU+o2acOh+tTPfQ1xFtj7pMC3ftY8NPRnfUufGRgDA05p9SdZrCRABksXodxZdjqiyOhF3OzN7dXcHGrF2KzQ+bhVV+VfT7/r2uoHhoEn4Ql2t2pLWBEOtDYx3HckHZ4qHjX4dyQdX9MuSHJUgQARIdPer2AVaa5f5Vj8f4lSv9xiZTmJuDqsfFcin7KYsx3d1v0uZ3ZI3AMx8t2aPtWmKXWyr2+GOSkil/HvbxQlz43wgbgWMc362GiUX4vz9LK+WwS5ABMhdjn5P2h8aZw7+vnMq2MqbEVvt62OEOxLzAfKnlPlAqNk5V2NoJ3wfIEf0bgVOJfmSGei2bwKA4S3++vhW7nyAePRV69M2wbQk+MOO1YCRQ6oO+YyUwS5ABEh2kw8vx9+lQxH1D88LyJHfAwAeDf15nd77AXhHOb5IX/7+Nnfgoo5+m2jbhWNXFegUxscPzgvIfdEjV+PvZRH1eVpaKINdgAiQrLvfn17PqNpr78TY993+QArZ7QrcN8j7U0HNVIwwRoY6Muryo1y/dmtbI9wdKYzxHxajrYTLVoFMvQkQARLF/a6Pz+ZfLVu//AYAnPpFRCNnHN/jPVXuD+Rihp2enCsaKbZYmoma0g0MPAAA+9sYI7YDdXVIZeF9JBH1t8ktU86R7+oKEAGSdfovI5ZdYy2yw2gAAAAASUVORK5CYII=',NULL,'en',NULL,29,0,'wedding',NULL,NULL,NULL,0,NULL,NULL,'2025-07-21 19:05:15','2025-07-21 19:05:15'),
(26,'varis jorganxhi','2025-11-29','0SJSOVHPFK','data:image/png;base64,iVBORw0KGgoAAAANSUhEUgAAAMgAAADICAAAAACIM/FCAAAAIGNIUk0AAHomAACAhAAA+gAAAIDoAAB1MAAA6mAAADqYAAAXcJy6UTwAAAACYktHRAD/h4/MvwAACjxJREFUeNrtXV1sVMcV/tY/BLwUWHAinF/cBBAqlQqJK0RNK4NC1ap1XKVN4jZxUoWHCLnhoc0DIKV9wWmkqMK0QmpiEpVCcB+a2lRRFaeFVk6ipk5IW9OXJQSTFqhwitfCP7Dm3unDzLpzds/99fVfdc7L3XPmzJn57uycO3fmzFwgKg0qpZRqMpyjlFKuYRqUUkrlqH63Ukqp7mDDtcqiwajVKsP/CQkQASJA/KliivmVY3MOp+LMKJCNwaqnbGaxzjBEbsRJwhmTD/gUcMpOW8RpRK0XNqog6iDPEUO1PgW0K6WU6jNcH2OywaS5pUmF50hHYL02SmcXIAIkhvsd5XSqUqWyMRVse5Th0pzimM2kqhgnP8ZlS3sDGV3MZeitL5V9p4tRbLjD5nbtAgC0aK5OXwbuYvKRUpt+U6rw9hauXiPpBB+IlH5h/T5/WF8fbASA44eljwgQATKvR78cXfJjL80fIMO36us+Mvo1tIpwWuWFIT35sAMAsHTutEjh6fA0ALy310flmUoAeMFwe6SPCBABMl/c7+n5C+SYzTR/tlThNqJxeddcBfKQ9d+c4BRqHrG5A9JHBIgAmdfu900f6do7vfP9kdFfuCUBIFW9nM46Rrbn+1aLqu0krfVhAICpULcN5CtkLvdZku+c5poYIOvYelV5A0nVh70BdX6J9QBwnktZvTrW7V5RL51dgAiQpNzvoWj5fjWir09yicTWoOa+fDsA9Ga18LEFYQs6NG3Q/SIfstlsNmvqivZsNpvN0hWrdsPlyIoVydYUL/Ih2feR1QAwTLj3QmS7JwXAlT4iQATI/Jl88KHXXrO550na3gTspyL7uWoAwJBjccq0a8MJABheZtyvnjKtC2u49i8AgPIMAOCTqC1SHe8GZKah0ao9GensAkSATN39fsMn8buN9ni3U19fzgDA0/80XpVERRBjJ0/GqdB1MzO5+RlL2NfGqR6tAoDHRoKNHvOO12JHv3FpXJNSSqlxI9ttl83OPWDEjteqmAt/i5tS0kcEiACZ1dHvHr3y/csvTHMl7mZknZ0RjTgMXaQqvdoHmkTNuDY3OfngOI7j5AqTD7bJom0XOTuNDkCbHMdxHH5Q3k+qScJlK8ri/QtTqeA/alm8v3S8bNLZBcjsv7PTANkUIytilaUYwqK/NEijIvT77KEddKC3EADuPkfGu6R9Tbhsd6Nta8jW2HaSKaerzFPfUNteppa+QA4+kljLN14BABxgIx/+Y7XaNbP74qk2ADizJtj0YLl0dgEiQEK434lgZ3cjgXKiG5kIq+i6AFARvAb2e7Osb9aXfKYUGghHFH/7AKO/sqFUljKy557zLKaKZBsOsYqnJx96DJdVSim1u/AcYTaLNdgTBgNGyG46zgVtAfMY/cpmMQEiQGZg9Pu/dWcAuH49nF4JawsjB/QTW0t9gLQsAQD8zJYtadVXOn5b5l2YSTLZOL9byJ2v9DJS2cpJaTiu3iy2dTOn2aKUUuoicb9Fc78+RM98oHt1WcqrSHSM5h6x06SzCxABEs39nme4lTeFtXbehwvMlbLDUdXHxsV6e0d8Yq/Fp0wEFX2X3rfYFuq9ur0fMLb268mHzI8YI5TYcrT7XW42i31kV/Jmfe2wI9vefVd7KzZSQjuvoreFfUoppfoN1+vtEM3oN6OUUirvd9tp4Blxv2bCpDbsUQn7pLMLEAESw/2GCZ4kOhvKAeDv+SRK/xvjfN7nyq5dEQiEhlO1PAgAqCFCun1gsBoAfthl3sgZm633M0K6+UJn28/Ecl2nMjPh3HN/1AdiY8R7+jXuvxls5EtLAWC/9BEBIkDm5ORDLLr8Z33ddEug6nHvpHGdVr/cG4h5p+aCWj/Nvm9HjC/92Ew+9N0CAI1mpkDPcfxEj1W369HvOa3ZRMa2dWQGo385ADysJ6N/as6M0bWsuA+Ax/FqVfcl3j6rVtnc51gdu9QznEJRxMcGWXoTIAIkhvvVO+fv+aol+scfohrVRj6zzZa98w4A4FHbgb407p37ziYm6cQJAMATSzzf2dWAJvLObqjHr84OWaQiRtgp0wHueEOOdLhslk27qJRSypxAhhtKKaUKLaIPIhudWvNqI8PSRwSIAJk3o99L3wMAfH17YH49BZqKeN5J+4dTqnRbIJB0DgAwZo760vG+W3O2yvM0IkEv0mVsIEuNvp76vpfkNut+H5q1vRxTo2Vc1Xs+DwC/a7YL9W0RXQ49p7I86pIl0U/55a4qXUO8FsKmdHYBIkBiuN+tpjMxZ7rixRe1t9sEAEf9Di3QVla+aon+1TIrgMjh3uxuhcnNYvl8Pp/nBtl8vJYfcQEDeU03CKeP/3Y1U1ixGtGsIqPfCFQ5vbe00ptLVXqrSmcXIAIkyuh39A5Oh67b+ITd/1XPLDx6YDaQuIaUUkoV7d895rqu606Gy7qu67q7OSMZ13Vdt7Cs2Orjfgdc13XdVh/3G0yT7tcWVvhuk035cGGTYmtKZxcgc8pr8XvrXR8ubJK/q0kaiGOuNGi/udkWriEqZJfYULmdVM4VVMv19QUJNgmN12qxPVo/P/olRyWEHv2ST9u0JlJ1CZcVIAIk9qBxOuna9Jo0QFLGC60kb5JGqOc+FzdxzlULu7hbRB1bHZPN0J+GPJMKxBVAv4gDFY8KxTFfqGTJb7NY0VEJTO5e6ewCRIBM2f1GPX2v6JS7K0HqDndGACYCizUK6UVhgdwcFYgOl92sT/zu1NkzTzH+UNMHxu+Sd/2rgaWyuxUKpG1dOMxYjgLEc7cCS31RR79NzG6FIvfLRT5IZxcgAmRGRr9nQupdnobQoY8IkI07AzPs8E4aWhOy0E6zWawjyH7aaKz3ttX4RQDAwTW0RZ4MqkOi555/szQAwCVAFgXWB3qHCA5KZxcgAiS6+1VvczrrViRQ0LW3bM5MYrLfR3kr0NbZs0FAxtjv4/R6f4/lJTILbeLUWpk9VuPUsuG4oxK6urwR6MWzvi3JPxBJjPLkaT/MFrXjifx/atYDhX0W0tkFiACZkdHvcRPAqc8N5E6Cvfq6vm5Y623l1xFLPX06cSCvGCf5UBkA1cxoXDHC7rWlD5Cfm4BXkq9WezZzGs3ub1tJuS1Ev9/O9vipJN9HQtOn7vJOWw9YM+zrvZ+RK2qkswsQATLTkw8/5oRtIV2mXzZN/36ZdZn68oMFCQIhG2sbjgIAzF6H9m8BwAUz99t3G4CitT2QuNxbmQNorhpZj+3DXjHCXUkCKRqdAtZmsRoAuEC4Iqq2hvFusGXp7AJEgMye+/Wh9x8vlR15M56tI0cY4U5vIGn2ezdVgeVk9Bd7aFSZWRnr3mYZuWKEOV1u6P0Ch6nXXgIAO41whGuRdMy7n46alp5SY5PcC+WoBAEiQKK433unbmtik3fa6896p9Vxw6w33ogH5FTMypNzEY2R1v22UAeqOSZt4HZLaOgsF+Vh9DueYNLKp+GBmCoLWVCYtKnoS2cXIALEn/4LqG5d41psiF0AAAAASUVORK5CYII=',NULL,'en',NULL,37,0,'wedding',NULL,NULL,NULL,0,NULL,NULL,'2025-11-03 13:32:11','2025-11-03 13:32:11'),
(27,'Vak','2025-11-20','4TH5TL7VAK','data:image/png;base64,iVBORw0KGgoAAAANSUhEUgAAAMgAAADICAAAAACIM/FCAAAAIGNIUk0AAHomAACAhAAA+gAAAIDoAAB1MAAA6mAAADqYAAAXcJy6UTwAAAACYktHRAD/h4/MvwAACklJREFUeNrtXW9sllcV/z39w1jfQlspWhj/ygCDdh9WICQOjMVBDCzQZdkf4iRTlyzBsvWDRjuMOg2rJH5YJ5pMS3RkEWcCa2sIgU0xqVtiYGQZfKGg6+ZAI5W+SAuk7fseP9z71Hva8/zt+3Z1OefL03PuOee5v+ftPfc8998DJKWr5FC9kdW4sqxV7HCF3bH9NxMR0dWk1SrBx4QUiAJRIOFUltIuT4IwF8pOD5DGaNWzLvNQl2tnftfRWUz/mWeCfTUyl42T/SNlvdBIUdTJ+pFm/6k7GiPxn1+WiIiaxn9eIsqJ/UhnZL0atbErEAWSIvwOSzoVXrD9rZT3HU6kTTclaSYYyHClZNC7IfgWlcFFu8zlEOMsVUvCYHpzoyQdyhSgQ4xBa54GgDMWyJ61TtEeP7iWaxtRIApkhme/cegfkRoD5rLgIwRy/zoTdt4TyloWRGW/6/YBAN5YaJNGD4BnZKiaXiDfsPFTLHwWAN7fG9nFvOHKvGe1jSgQBTIDw++F0VRmlwfN9bPeTAHyHTv4cFgo+wTjrMZdAIAjNiRnq2YKEJ8eifzfrNiubUSBKJCPQfb7B5Mn3Q8AZHOnuesn631wIcSJsSv5YuGAVPRKOqtD7LcAAGquAcDYFpv9rgeAOutrOQDgnR12IMNc5ghO6v8WeJfVYr0qgoF4Gwr3W98h+lq8NI2veRu0sSsQBVKo8HtwSm4OCtyqjQDw4Qkh0uIrswKdVD4a4jmYkqfTV2sB4EGb/faZOhum6SWX6zBDpmaUAqerAOA4y343nRKcNL8GAAPzp7lDvLsEwPjE6EoAuC5rrgSA42LRCg9AXtuIAlEgMzn7/W5cxaNHXW4/K9tbCCCJV3jVMq7dZL99gT/vveYGb9nstz8DAM+1C074XZLWq6y2ID9ssJfS2ria6fS0sSsQBRKzsT/I2FX7AeBfTxnuq+4g4au/DXFjvNT+cnLJu99PVa/Br0nSH38aAH7GJohwRPoxdhER0RXLHZbWa1m65ZKVNRlNKxwjIqLTtuy0EdqVXcy6xmjUG+52yLrfc0REtI8LzX3Sd4iz//cnBZYESMvLozS0sSsQBVLc7Ld3eVzDz5jLJfdJ9Bvr7S8AwAdfYPqPRLs01mt/F6yxPfAdGsi5NMRVWPglptlsVXJERBNet1uIiKjfct25XC6XC912YVxaZsJyWfem/jzfFVdol8uWlRT9vzDazgsZfCiJKdTGrkA++nd2m4h4ojTaLrZKUv2kQA4+aa5myNSzmV6pq1IjQd3BygYhGJS4TFdJsC9LCyUnLMKGhV++W4HveuPZL7Hw62e/RETUwYUjRETkZ78mdbZFbcLGhMPiEzbZrzZ2BaJA4oVfefnVaGxhNI2m0hhNCCRnp8KaWOFOHpPMZb4kNFQn3cFqrAs2azRp1ilhOu7iKsnslNi3EBHRGBt8sHSOa/YREVHbhMQ1cBPXePYrbTrOTtafsNnPhN++2IMP2tgViAKJiFrX4+teL6Ce0alK6kUSmgSxrNqGwM8BABZJ1i3msioujmpmZrjqFqZjVUaC91i1t7tOLN3jev7PIebLj+VCAPXDb6809hscfrO2qCN4f20Ly37F8OsPPkjZ7xUiItqljV2BKJDiDD6I9PeQsvcBALXuRtRrNwL1pgrEvkVLcbDGln3KRN8OQeWFZcGu7WaxbnfA9hVpA9m9g4KwrW5yzK+3VTCPZvMaIftNS/XRj6rb1Q8bfJCy3/ikjV2BKJAk4ZfeZuxdCwDg39I2VqzxilyzM2YYYBEAZC8lBHKTDxEcfgwAzm6RDG+5s+I1v3aLdiSsMjP2rW322/l1ADi/segdoqXtKV5bRGPc1sauQBRIccJvj7mWbpuSG+Nl1peCy0Q67rb2ninVwO8NGt8O7Edet+HXrLw62u6G3+Wsj2n6ozv4IJJx8vIBJsx7APJ2Fq+ZrQJm/cilna6Tnx5yuQmbxdaG1KFqJQAcndp/wPylAPBymIpQh2oju8Qe8PhbQKk2dgWiQBJkvy+60hVbAeDyER4r2b6iX0jeXixElYyTJc0JgfSb6zJ22uG+rQAwyEcKLGcMWhlnaZmZE2v5puGi797P+wAAQFeXeWcXgGyz+tIUX5nZO5vgkMsM20ew2PnfHJ+4XBp3kGdhsoPC5szRxq5AFEhhBh/i0HNCKPNix92fxFW8scflHl8PACd/b7gfzHPLWu3AiZ1mMuSHX3HBQDabzWb9BQNGn59Sbp0MudzpsNpKM1bN2Ww2m52wW+GkMGN1w9ygkf8iZloy/DxLNnV5x+wIhbRHlxm7gWi9Sm3sCkSBJAm/m2wLey1S9SnGbWWc8VL3G0f04a50Nbq+KaZi67uS1C4YGDGUc7mTXPPqyMjIyIifmxoVf/BBXK814lBHdPjl1Gns8kRElLdeSFgwMKFDLA/hRGkpOyohWj8xudZeuTZ2BaJACpP9Di8212+1AcD5zyd09o452PBxIRfueaLYQPjWJrsGgRjnZ78rnJECf+TUAwDPOBmbxawhee5fAgBPHyg8kARzml7A34kO7vG0jSiQ/7OolRcRibsb844iUciDyEf7ik35yY+dKKTtmRmrYbse1c5D8UVMVsjP18q5I418u0G95OtPSwCg1U6zXXCSp3xpNKpzDQDw/F6pejz7peijEmJ/2qaDH5UQteAqzqgt360wpOu1FIgCSZs0JifbwMWTQG6HcIzSniPiuiyz4YcN25VaITu+tdIKeZS8E4B/uuwEsstlrdm6sL7CTcCaJY0uSciHGlOuk+W3qwn5slh39BcqhS+LceoVw682dgWiQJKE34GkFolP3xtIVTFrlbkzLpCkp7ja7Nentsj31x2uYuzXX/90WbNcltNy4+vyoWjPoUDSfdgxdvYrfdiRh1/iY7+6V1eBKJDpyH7/GlvzosusSDlOdzESSOPuSCdPusxjDwAA9kVv4O2Ust/IT9tkrFkDk94TDTXpd3WTbhaLf1RCWPYrkoZfBaJAkodfelPSWT1vSrf4syCzK6g2xNVPCuSmuCmrN/J7LDWvAvA/UYMWtmnKCtmygx57H+mohK6u4PuclISlBekQLW0GnOWym52SMz5WdxNC2q0iCxq0sSsQBTLN2W8P/9C4cPD3jWOC2V/4vt8jCe96/rwgfNSbCpBfsSA5uHOyxrWdEhC+AUJSaf6Rm+h2rgeA7MZgfTxcWsDwW0hqAJwxpIaYfaQ2dgWiQIo7+FAEej6h/v4pAXnp5wCA+95LZvbEwy73ZenARX+zmNl2EbKrCmZdwwN7pwTkk+nM5s6Nn+lGO8toY1cgCqTo4ffb/0xl9srrBaz77mAgmSHJoEKQ9bHst8YcfMaWIiwdEpxcO5SqyvdJ9dptfQ1Jv0gm5cPJsMGHqfkSyAvzNVuPSlAgCiRJ+F1TOJ9vMV8/3AYAx76X0MmJE8Flx+qCgZxNWekx5+9ywwxVMw0zE5WzN+hfBACtBwQnPICGVYiK8D7iuf+bMZYgizol+l1dBaJAik7/BZLS7Xl/wggeAAAAAElFTkSuQmCC',NULL,'en',NULL,38,0,'wedding',NULL,NULL,NULL,0,NULL,NULL,'2025-11-07 21:24:13','2025-11-07 21:24:13');
/*!40000 ALTER TABLE `events` ENABLE KEYS */;
UNLOCK TABLES;

--
-- Table structure for table `failed_jobs`
--

DROP TABLE IF EXISTS `failed_jobs`;
/*!40101 SET @saved_cs_client     = @@character_set_client */;
/*!40101 SET character_set_client = utf8mb4 */;
CREATE TABLE `failed_jobs` (
  `id` bigint(20) unsigned NOT NULL AUTO_INCREMENT,
  `uuid` varchar(191) NOT NULL,
  `connection` text NOT NULL,
  `queue` text NOT NULL,
  `payload` longtext NOT NULL,
  `exception` longtext NOT NULL,
  `failed_at` timestamp NOT NULL DEFAULT current_timestamp(),
  PRIMARY KEY (`id`),
  UNIQUE KEY `failed_jobs_uuid_unique` (`uuid`)
) ENGINE=InnoDB DEFAULT CHARSET=utf8mb4 COLLATE=utf8mb4_unicode_ci;
/*!40101 SET character_set_client = @saved_cs_client */;

--
-- Dumping data for table `failed_jobs`
--

LOCK TABLES `failed_jobs` WRITE;
/*!40000 ALTER TABLE `failed_jobs` DISABLE KEYS */;
/*!40000 ALTER TABLE `failed_jobs` ENABLE KEYS */;
UNLOCK TABLES;

--
-- Table structure for table `job_batches`
--

DROP TABLE IF EXISTS `job_batches`;
/*!40101 SET @saved_cs_client     = @@character_set_client */;
/*!40101 SET character_set_client = utf8mb4 */;
CREATE TABLE `job_batches` (
  `id` varchar(191) NOT NULL,
  `name` varchar(191) NOT NULL,
  `total_jobs` int(11) NOT NULL,
  `pending_jobs` int(11) NOT NULL,
  `failed_jobs` int(11) NOT NULL,
  `failed_job_ids` longtext NOT NULL,
  `options` mediumtext DEFAULT NULL,
  `cancelled_at` int(11) DEFAULT NULL,
  `created_at` int(11) NOT NULL,
  `finished_at` int(11) DEFAULT NULL,
  PRIMARY KEY (`id`)
) ENGINE=InnoDB DEFAULT CHARSET=utf8mb4 COLLATE=utf8mb4_unicode_ci;
/*!40101 SET character_set_client = @saved_cs_client */;

--
-- Dumping data for table `job_batches`
--

LOCK TABLES `job_batches` WRITE;
/*!40000 ALTER TABLE `job_batches` DISABLE KEYS */;
/*!40000 ALTER TABLE `job_batches` ENABLE KEYS */;
UNLOCK TABLES;

--
-- Table structure for table `jobs`
--

DROP TABLE IF EXISTS `jobs`;
/*!40101 SET @saved_cs_client     = @@character_set_client */;
/*!40101 SET character_set_client = utf8mb4 */;
CREATE TABLE `jobs` (
  `id` bigint(20) unsigned NOT NULL AUTO_INCREMENT,
  `queue` varchar(191) NOT NULL,
  `payload` longtext NOT NULL,
  `attempts` tinyint(3) unsigned NOT NULL,
  `reserved_at` int(10) unsigned DEFAULT NULL,
  `available_at` int(10) unsigned NOT NULL,
  `created_at` int(10) unsigned NOT NULL,
  PRIMARY KEY (`id`),
  KEY `jobs_queue_index` (`queue`)
) ENGINE=InnoDB DEFAULT CHARSET=utf8mb4 COLLATE=utf8mb4_unicode_ci;
/*!40101 SET character_set_client = @saved_cs_client */;

--
-- Dumping data for table `jobs`
--

LOCK TABLES `jobs` WRITE;
/*!40000 ALTER TABLE `jobs` DISABLE KEYS */;
/*!40000 ALTER TABLE `jobs` ENABLE KEYS */;
UNLOCK TABLES;

--
-- Table structure for table `languages`
--

DROP TABLE IF EXISTS `languages`;
/*!40101 SET @saved_cs_client     = @@character_set_client */;
/*!40101 SET character_set_client = utf8mb4 */;
CREATE TABLE `languages` (
  `id` bigint(20) unsigned NOT NULL AUTO_INCREMENT,
  `code` varchar(2) NOT NULL,
  `name` varchar(191) NOT NULL,
  `is_default` tinyint(1) NOT NULL DEFAULT 0,
  `created_at` timestamp NULL DEFAULT NULL,
  `updated_at` timestamp NULL DEFAULT NULL,
  PRIMARY KEY (`id`),
  UNIQUE KEY `languages_code_unique` (`code`)
) ENGINE=InnoDB AUTO_INCREMENT=3 DEFAULT CHARSET=utf8mb4 COLLATE=utf8mb4_unicode_ci;
/*!40101 SET character_set_client = @saved_cs_client */;

--
-- Dumping data for table `languages`
--

LOCK TABLES `languages` WRITE;
/*!40000 ALTER TABLE `languages` DISABLE KEYS */;
INSERT INTO `languages` VALUES
(1,'sq','Albanian',1,'2025-06-23 23:21:58','2025-06-23 23:21:58'),
(2,'en','English',0,'2025-06-23 23:21:58','2025-06-23 23:21:58');
/*!40000 ALTER TABLE `languages` ENABLE KEYS */;
UNLOCK TABLES;

--
-- Table structure for table `media`
--

DROP TABLE IF EXISTS `media`;
/*!40101 SET @saved_cs_client     = @@character_set_client */;
/*!40101 SET character_set_client = utf8mb4 */;
CREATE TABLE `media` (
  `id` bigint(20) unsigned NOT NULL AUTO_INCREMENT,
  `event_id` bigint(20) unsigned NOT NULL,
  `user_id` bigint(20) unsigned DEFAULT NULL,
  `is_guest` tinyint(1) NOT NULL DEFAULT 0,
  `type` enum('file','text') NOT NULL DEFAULT 'file',
  `file_path` varchar(191) DEFAULT NULL,
  `file_type` varchar(191) DEFAULT NULL,
  `file_size` bigint(20) unsigned DEFAULT NULL,
  `text_content` text DEFAULT NULL,
  `background_image` varchar(191) DEFAULT NULL,
  `font_color` varchar(191) DEFAULT NULL,
  `caption_text` varchar(191) DEFAULT NULL,
  `caption_name` varchar(191) DEFAULT NULL,
  `created_at` timestamp NULL DEFAULT NULL,
  `updated_at` timestamp NULL DEFAULT NULL,
  `is_cloud` tinyint(1) NOT NULL DEFAULT 0,
  PRIMARY KEY (`id`),
  KEY `media_type_index` (`type`),
  KEY `media_event_id_index` (`event_id`),
  KEY `media_user_id_index` (`user_id`),
  CONSTRAINT `media_event_id_foreign` FOREIGN KEY (`event_id`) REFERENCES `events` (`id`) ON DELETE CASCADE,
  CONSTRAINT `media_user_id_foreign` FOREIGN KEY (`user_id`) REFERENCES `users` (`id`) ON DELETE SET NULL
) ENGINE=InnoDB AUTO_INCREMENT=192 DEFAULT CHARSET=utf8mb4 COLLATE=utf8mb4_unicode_ci;
/*!40101 SET character_set_client = @saved_cs_client */;

--
-- Dumping data for table `media`
--

LOCK TABLES `media` WRITE;
/*!40000 ALTER TABLE `media` DISABLE KEYS */;
INSERT INTO `media` VALUES
(3,1,1,0,'file','https://eventetsot-media.s3.eu-north-1.amazonaws.com/media/1/1752097212_686ee1bccc997.webp','image/png',1362991,NULL,NULL,NULL,NULL,NULL,'2025-06-24 19:43:30','2025-07-09 21:40:17',1),
(4,1,1,0,'file','https://eventetsot-media.s3.eu-north-1.amazonaws.com/media/1/1752097217_686ee1c186a93.webp','image/png',1657003,NULL,NULL,NULL,NULL,NULL,'2025-06-24 19:43:30','2025-07-09 21:40:21',1),
(5,1,1,0,'file','https://eventetsot-media.s3.eu-north-1.amazonaws.com/media/1/1752097221_686ee1c58a3dc.webp','image/png',1953980,NULL,NULL,NULL,NULL,NULL,'2025-06-24 19:43:30','2025-07-09 21:40:24',1),
(6,1,1,0,'file','https://eventetsot-media.s3.eu-north-1.amazonaws.com/media/1/1752097224_686ee1c8aaa17.webp','image/png',1880741,NULL,NULL,NULL,NULL,NULL,'2025-06-24 19:43:30','2025-07-09 21:40:28',1),
(7,1,1,0,'file','https://eventetsot-media.s3.eu-north-1.amazonaws.com/media/1/1752097228_686ee1ccd1664.webp','image/png',1374732,NULL,NULL,NULL,NULL,NULL,'2025-06-24 19:43:30','2025-07-09 21:40:34',1),
(8,1,1,0,'file','https://eventetsot-media.s3.eu-north-1.amazonaws.com/media/1/1752097234_686ee1d288176.webp','image/png',2173947,NULL,NULL,NULL,NULL,NULL,'2025-06-24 19:43:30','2025-07-09 21:40:37',1),
(9,1,1,0,'file','https://eventetsot-media.s3.eu-north-1.amazonaws.com/media/1/1752097237_686ee1d5f2fb9.webp','image/png',1670979,NULL,NULL,NULL,NULL,NULL,'2025-06-24 19:43:30','2025-07-09 21:40:41',1),
(10,1,1,0,'file','https://eventetsot-media.s3.eu-north-1.amazonaws.com/media/1/1752097242_686ee1da28a94.webp','image/png',2072010,NULL,NULL,NULL,NULL,NULL,'2025-06-24 19:43:30','2025-07-09 21:40:45',1),
(11,1,1,0,'file','https://eventetsot-media.s3.eu-north-1.amazonaws.com/media/1/1752097245_686ee1dd732c9.webp','image/png',1917380,NULL,NULL,NULL,NULL,NULL,'2025-06-24 19:43:30','2025-07-09 21:40:48',1),
(12,1,1,0,'file','https://eventetsot-media.s3.eu-north-1.amazonaws.com/media/1/1752097248_686ee1e089d13.webp','image/png',2121354,NULL,NULL,NULL,NULL,NULL,'2025-06-24 19:43:30','2025-07-09 21:40:52',1),
(13,1,1,0,'file','https://eventetsot-media.s3.eu-north-1.amazonaws.com/media/1/1752097252_686ee1e4b2aee.webp','image/png',1031985,NULL,NULL,NULL,NULL,NULL,'2025-06-24 19:43:30','2025-07-09 21:40:56',1),
(14,1,1,0,'file','https://eventetsot-media.s3.eu-north-1.amazonaws.com/media/1/1752097257_686ee1e915b19.webp','image/png',1449329,NULL,NULL,NULL,NULL,NULL,'2025-06-24 19:43:30','2025-07-09 21:41:01',1),
(15,1,1,0,'file','https://eventetsot-media.s3.eu-north-1.amazonaws.com/media/1/1752097262_686ee1ee036ed.webp','image/png',1624745,NULL,NULL,NULL,NULL,NULL,'2025-06-24 19:43:30','2025-07-09 21:41:06',1),
(16,1,1,0,'file','https://eventetsot-media.s3.eu-north-1.amazonaws.com/media/1/1752097266_686ee1f290e61.webp','image/png',2334860,NULL,NULL,NULL,NULL,NULL,'2025-06-24 19:43:30','2025-07-09 21:41:10',1),
(17,1,1,0,'file','https://eventetsot-media.s3.eu-north-1.amazonaws.com/media/1/1752097270_686ee1f64f86b.webp','image/png',1962585,NULL,NULL,NULL,NULL,NULL,'2025-06-24 19:43:30','2025-07-09 21:41:14',1),
(18,1,1,0,'file','https://eventetsot-media.s3.eu-north-1.amazonaws.com/media/1/1752097274_686ee1fa72b29.webp','image/png',1688438,NULL,NULL,NULL,NULL,NULL,'2025-06-24 19:43:30','2025-07-09 21:41:18',1),
(19,1,1,0,'file','https://eventetsot-media.s3.eu-north-1.amazonaws.com/media/1/1752097278_686ee1fe71831.webp','image/png',1995527,NULL,NULL,NULL,NULL,NULL,'2025-06-24 19:43:30','2025-07-09 21:41:22',1),
(20,1,1,0,'file','https://eventetsot-media.s3.eu-north-1.amazonaws.com/media/1/1752097282_686ee2023ee44.webp','image/png',2440701,NULL,NULL,NULL,NULL,NULL,'2025-06-24 19:43:30','2025-07-09 21:41:25',1),
(21,1,1,0,'file','https://eventetsot-media.s3.eu-north-1.amazonaws.com/media/1/1752097286_686ee20612ff7.webp','image/png',1727396,NULL,NULL,NULL,NULL,NULL,'2025-06-24 19:43:30','2025-07-09 21:41:31',1),
(22,1,1,0,'file','https://eventetsot-media.s3.eu-north-1.amazonaws.com/media/1/1752097291_686ee20b7ec0f.webp','image/png',2017495,NULL,NULL,NULL,NULL,NULL,'2025-06-24 19:43:30','2025-07-09 21:41:34',1),
(23,1,1,0,'file','https://eventetsot-media.s3.eu-north-1.amazonaws.com/media/1/1752097295_686ee20f0de21.webp','image/png',2017495,NULL,NULL,NULL,NULL,NULL,'2025-06-24 20:19:35','2025-07-09 21:41:38',1),
(24,1,1,0,'file','https://eventetsot-media.s3.eu-north-1.amazonaws.com/media/1/1752097298_686ee21289251.webp','image/png',1727396,NULL,NULL,NULL,NULL,NULL,'2025-06-24 20:19:35','2025-07-09 21:41:42',1),
(25,1,1,0,'file','https://eventetsot-media.s3.eu-north-1.amazonaws.com/media/1/1752097302_686ee216a5bb7.webp','image/png',2440701,NULL,NULL,NULL,NULL,NULL,'2025-06-24 20:19:35','2025-07-09 21:41:45',1),
(26,1,1,0,'file','https://eventetsot-media.s3.eu-north-1.amazonaws.com/media/1/1752097305_686ee219e7445.webp','image/png',1727396,NULL,NULL,NULL,NULL,NULL,'2025-06-24 20:19:53','2025-07-09 21:41:50',1),
(27,1,1,1,'file','https://eventetsot-media.s3.eu-north-1.amazonaws.com/media/1/1752097310_686ee21e47a9b.webp','image/png',2440701,NULL,NULL,NULL,NULL,NULL,'2025-06-25 18:07:26','2025-07-09 21:41:53',1),
(31,8,13,1,'file','https://eventetsot-media.s3.eu-north-1.amazonaws.com/media/8/1752097313_686ee221d8c5b.webp','image/jpeg',177834,NULL,NULL,NULL,NULL,NULL,'2025-06-28 18:02:23','2025-07-09 21:41:54',1),
(32,8,13,1,'file','https://eventetsot-media.s3.eu-north-1.amazonaws.com/media/8/1752097314_686ee222abb25.webp','image/jpeg',1307157,NULL,NULL,NULL,'We here',NULL,'2025-06-28 18:18:48','2025-07-09 21:41:55',1),
(33,8,13,1,'file','https://eventetsot-media.s3.eu-north-1.amazonaws.com/media/8/1752097315_686ee22351026.webp','image/jpeg',1962192,NULL,NULL,NULL,NULL,NULL,'2025-06-28 18:25:19','2025-07-09 21:41:55',1),
(34,8,13,1,'file','https://eventetsot-media.s3.eu-north-1.amazonaws.com/media/8/1752097316_686ee224068f8.webp','image/jpeg',354186,NULL,NULL,NULL,NULL,NULL,'2025-06-28 18:30:48','2025-07-09 21:41:56',1),
(35,8,13,1,'file','https://eventetsot-media.s3.eu-north-1.amazonaws.com/media/8/1752097316_686ee224bb951.webp','image/jpeg',363559,NULL,NULL,NULL,'Me Esilen 🤍',NULL,'2025-06-28 18:44:31','2025-07-09 21:41:57',1),
(36,8,13,1,'file','https://eventetsot-media.s3.eu-north-1.amazonaws.com/media/8/1752097317_686ee2254f0d5.webp','image/jpeg',979815,NULL,NULL,NULL,'Tezet e Nuses👋👰',NULL,'2025-06-28 18:48:50','2025-07-09 21:41:57',1),
(37,8,13,1,'file','https://eventetsot-media.s3.eu-north-1.amazonaws.com/media/8/1752097317_686ee225ce45b.webp','image/jpeg',1784624,NULL,NULL,NULL,NULL,NULL,'2025-06-28 18:50:09','2025-07-09 21:41:58',1),
(38,8,13,1,'file','https://eventetsot-media.s3.eu-north-1.amazonaws.com/media/8/1752097318_686ee2267ab60.webp','image/jpeg',1897964,NULL,NULL,NULL,NULL,NULL,'2025-06-28 18:50:36','2025-07-09 21:41:58',1),
(39,8,13,1,'file','https://eventetsot-media.s3.eu-north-1.amazonaws.com/media/8/1752097319_686ee22723c28.webp','image/jpeg',2959212,NULL,NULL,NULL,NULL,NULL,'2025-06-28 18:52:38','2025-07-09 21:41:59',1),
(40,8,13,1,'file','https://eventetsot-media.s3.eu-north-1.amazonaws.com/media/8/1752097319_686ee227d49aa.webp','image/jpeg',2281929,NULL,NULL,NULL,NULL,NULL,'2025-06-28 18:52:43','2025-07-09 21:42:00',1),
(41,8,13,1,'file','https://eventetsot-media.s3.eu-north-1.amazonaws.com/media/8/1752097320_686ee2288512c.webp','image/jpeg',404084,NULL,NULL,NULL,NULL,NULL,'2025-06-28 18:55:41','2025-07-09 21:42:00',1),
(43,8,13,0,'file','https://eventetsot-media.s3.eu-north-1.amazonaws.com/media/8/1752097321_686ee22915019.webp','image/jpeg',2308028,NULL,NULL,NULL,NULL,NULL,'2025-06-28 20:13:17','2025-07-09 21:42:01',1),
(44,8,13,1,'file','https://eventetsot-media.s3.eu-north-1.amazonaws.com/media/8/1752097321_686ee229caabc.webp','image/jpeg',290600,NULL,NULL,NULL,NULL,NULL,'2025-06-28 21:43:16','2025-07-09 21:42:02',1),
(45,8,13,1,'file','https://eventetsot-media.s3.eu-north-1.amazonaws.com/media/8/1752097322_686ee22a7a01b.webp','image/jpeg',465477,NULL,NULL,NULL,NULL,NULL,'2025-06-28 21:43:16','2025-07-09 21:42:03',1),
(46,8,13,1,'file','https://eventetsot-media.s3.eu-north-1.amazonaws.com/media/8/1752097323_686ee22b2ff40.webp','image/jpeg',588602,NULL,NULL,NULL,NULL,NULL,'2025-06-28 23:56:42','2025-07-09 21:42:03',1),
(47,8,13,1,'file','https://eventetsot-media.s3.eu-north-1.amazonaws.com/media/8/1752097323_686ee22bcffa1.webp','image/jpeg',2244493,NULL,NULL,NULL,NULL,NULL,'2025-06-28 23:56:42','2025-07-09 21:42:04',1),
(48,8,13,1,'file','https://eventetsot-media.s3.eu-north-1.amazonaws.com/media/8/1752097324_686ee22ca9696.webp','image/jpeg',2127436,NULL,NULL,NULL,NULL,NULL,'2025-06-28 23:56:42','2025-07-09 21:42:05',1),
(49,8,13,1,'file','https://eventetsot-media.s3.eu-north-1.amazonaws.com/media/8/1752097325_686ee22d7ab82.webp','image/jpeg',2261796,NULL,NULL,NULL,NULL,NULL,'2025-06-28 23:56:42','2025-07-09 21:42:06',1),
(50,8,13,1,'file','https://eventetsot-media.s3.eu-north-1.amazonaws.com/media/8/1752097326_686ee22e469e8.webp','image/jpeg',2324383,NULL,NULL,NULL,NULL,NULL,'2025-06-28 23:56:42','2025-07-09 21:42:06',1),
(51,8,13,1,'file','https://eventetsot-media.s3.eu-north-1.amazonaws.com/media/8/1752097327_686ee22f0998b.webp','image/jpeg',1946721,NULL,NULL,NULL,NULL,NULL,'2025-06-28 23:56:42','2025-07-09 21:42:07',1),
(52,8,13,1,'file','https://eventetsot-media.s3.eu-north-1.amazonaws.com/media/8/1752097327_686ee22fcab40.webp','image/jpeg',1929232,NULL,NULL,NULL,NULL,NULL,'2025-06-28 23:56:42','2025-07-09 21:42:08',1),
(53,8,13,1,'file','https://eventetsot-media.s3.eu-north-1.amazonaws.com/media/8/1752097328_686ee23087333.webp','image/jpeg',1780371,NULL,NULL,NULL,NULL,NULL,'2025-06-28 23:56:42','2025-07-09 21:42:09',1),
(54,8,13,1,'file','https://eventetsot-media.s3.eu-north-1.amazonaws.com/media/8/1752097329_686ee2313d793.webp','image/jpeg',2106716,NULL,NULL,NULL,NULL,NULL,'2025-06-28 23:56:42','2025-07-09 21:42:09',1),
(55,8,13,1,'file','https://eventetsot-media.s3.eu-north-1.amazonaws.com/media/8/1752097329_686ee231e9472.webp','image/jpeg',2110973,NULL,NULL,NULL,NULL,NULL,'2025-06-28 23:56:42','2025-07-09 21:42:10',1),
(56,8,13,1,'file','https://eventetsot-media.s3.eu-north-1.amazonaws.com/media/8/1752097330_686ee232a78e6.webp','image/jpeg',2293724,NULL,NULL,NULL,NULL,NULL,'2025-06-28 23:56:42','2025-07-09 21:42:11',1),
(57,8,13,1,'file','https://eventetsot-media.s3.eu-north-1.amazonaws.com/media/8/1752097331_686ee23377d0a.webp','image/jpeg',2140468,NULL,NULL,NULL,NULL,NULL,'2025-06-28 23:56:42','2025-07-09 21:42:12',1),
(58,8,13,1,'file','https://eventetsot-media.s3.eu-north-1.amazonaws.com/media/8/1752097332_686ee2342b41f.webp','image/jpeg',2358753,NULL,NULL,NULL,NULL,NULL,'2025-06-28 23:56:42','2025-07-09 21:42:12',1),
(59,8,13,1,'file','https://eventetsot-media.s3.eu-north-1.amazonaws.com/media/8/1752097332_686ee234f1c6f.webp','image/jpeg',2634779,NULL,NULL,NULL,NULL,NULL,'2025-06-28 23:56:42','2025-07-09 21:42:13',1),
(60,8,13,1,'file','https://eventetsot-media.s3.eu-north-1.amazonaws.com/media/8/1752097333_686ee235ade97.webp','image/jpeg',2529899,NULL,NULL,NULL,NULL,NULL,'2025-06-28 23:56:42','2025-07-09 21:42:14',1),
(61,8,13,1,'file','https://eventetsot-media.s3.eu-north-1.amazonaws.com/media/8/FVX7ortfpG9z9jyUeOnb6qRP8oBW7vxTVtmDLZ5H.mov','video/quicktime',12621788,NULL,NULL,NULL,NULL,NULL,'2025-06-28 23:57:45','2025-07-09 20:31:13',1),
(62,8,13,1,'file','https://eventetsot-media.s3.eu-north-1.amazonaws.com/media/8/hWhj0sgLhRNfAlrDBK14a1Z4iZHZ75lf2OIIZmRw.mov','video/quicktime',17532072,NULL,NULL,NULL,NULL,NULL,'2025-06-28 23:58:09','2025-07-09 20:31:13',1),
(63,8,13,1,'file','https://eventetsot-media.s3.eu-north-1.amazonaws.com/media/8/1752097334_686ee2365a888.webp','image/jpeg',2875250,NULL,NULL,NULL,NULL,NULL,'2025-06-29 08:03:33','2025-07-09 21:42:14',1),
(64,8,13,1,'file','https://eventetsot-media.s3.eu-north-1.amazonaws.com/media/8/1752097335_686ee2370f65e.webp','image/jpeg',164365,NULL,NULL,NULL,NULL,NULL,'2025-06-29 09:18:22','2025-07-09 21:42:15',1),
(65,8,13,1,'file','https://eventetsot-media.s3.eu-north-1.amazonaws.com/media/8/1752097335_686ee2379363b.webp','image/jpeg',340425,NULL,NULL,NULL,NULL,NULL,'2025-06-29 09:18:22','2025-07-09 21:42:16',1),
(66,8,13,1,'file','https://eventetsot-media.s3.eu-north-1.amazonaws.com/media/8/1752097336_686ee23831fc6.webp','image/jpeg',1700140,NULL,NULL,NULL,NULL,NULL,'2025-06-29 09:22:32','2025-07-09 21:42:16',1),
(67,8,13,1,'file','https://eventetsot-media.s3.eu-north-1.amazonaws.com/media/8/1752097336_686ee238d5009.webp','image/jpeg',2733925,NULL,NULL,NULL,NULL,NULL,'2025-06-29 09:22:32','2025-07-09 21:42:17',1),
(68,8,13,1,'file','https://eventetsot-media.s3.eu-north-1.amazonaws.com/media/8/1752097337_686ee23975ba4.webp','image/jpeg',167931,NULL,NULL,NULL,NULL,NULL,'2025-06-29 09:22:32','2025-07-09 21:42:17',1),
(69,8,13,1,'file','https://eventetsot-media.s3.eu-north-1.amazonaws.com/media/8/v3a7LH4o8eh8k2Ub96IEIwTBBslWBQbZIWpaWQIE.mp4','video/mp4',5134977,NULL,NULL,NULL,NULL,NULL,'2025-06-29 10:01:21','2025-07-09 20:31:20',1),
(70,8,13,1,'file','https://eventetsot-media.s3.eu-north-1.amazonaws.com/media/8/ntK2jwIeGGUY6axjpMosNoGKA0jLWSx44Vr3UtxN.mp4','video/mp4',6563057,NULL,NULL,NULL,NULL,NULL,'2025-06-29 10:04:16','2025-07-09 20:31:20',1),
(71,8,13,1,'file','https://eventetsot-media.s3.eu-north-1.amazonaws.com/media/8/1752097338_686ee23a1e7fc.webp','image/jpeg',1889792,NULL,NULL,NULL,NULL,NULL,'2025-06-29 22:38:03','2025-07-09 21:42:18',1),
(72,8,13,1,'file','https://eventetsot-media.s3.eu-north-1.amazonaws.com/media/8/1752097338_686ee23abd5ac.webp','image/jpeg',4306706,NULL,NULL,NULL,NULL,NULL,'2025-06-29 22:38:03','2025-07-09 21:42:19',1),
(73,8,13,1,'file','https://eventetsot-media.s3.eu-north-1.amazonaws.com/media/8/1752097339_686ee23b86799.webp','image/jpeg',1802497,NULL,NULL,NULL,NULL,NULL,'2025-06-29 22:38:03','2025-07-09 21:42:20',1),
(74,8,13,1,'file','https://eventetsot-media.s3.eu-north-1.amazonaws.com/media/8/1752097340_686ee23c38625.webp','image/jpeg',4614009,NULL,NULL,NULL,NULL,NULL,'2025-06-29 22:38:03','2025-07-09 21:42:20',1),
(75,8,13,1,'file','https://eventetsot-media.s3.eu-north-1.amazonaws.com/media/8/1752097340_686ee23ce42a4.webp','image/jpeg',5951381,NULL,NULL,NULL,NULL,NULL,'2025-06-29 22:38:03','2025-07-09 21:42:21',1),
(76,8,13,1,'file','https://eventetsot-media.s3.eu-north-1.amazonaws.com/media/8/1752097341_686ee23dbbadc.webp','image/jpeg',5071827,NULL,NULL,NULL,NULL,NULL,'2025-06-29 22:38:03','2025-07-09 21:42:22',1),
(77,8,13,1,'file','https://eventetsot-media.s3.eu-north-1.amazonaws.com/media/8/1752097342_686ee23e67a1c.webp','image/jpeg',1763894,NULL,NULL,NULL,NULL,NULL,'2025-06-29 22:38:03','2025-07-09 21:42:22',1),
(78,8,13,1,'file','https://eventetsot-media.s3.eu-north-1.amazonaws.com/media/8/1752097343_686ee23f01f66.webp','image/jpeg',1496981,NULL,NULL,NULL,NULL,NULL,'2025-06-29 22:38:03','2025-07-09 21:42:23',1),
(79,8,13,1,'file','https://eventetsot-media.s3.eu-north-1.amazonaws.com/media/8/PDFRP2ddWHBDhUPvLQCTMfE6Bd4Ws0F8Pifwo7h2.mp4','video/mp4',12714066,NULL,NULL,NULL,NULL,NULL,'2025-06-30 09:11:05','2025-07-09 20:31:35',1),
(80,8,13,1,'file','https://eventetsot-media.s3.eu-north-1.amazonaws.com/media/8/1752097343_686ee23f89d8d.webp','image/jpeg',223972,NULL,NULL,NULL,NULL,NULL,'2025-07-01 09:15:54','2025-07-09 21:42:23',1),
(81,8,13,1,'file','https://eventetsot-media.s3.eu-north-1.amazonaws.com/media/8/1752097344_686ee24021df4.webp','image/jpeg',328126,NULL,NULL,NULL,NULL,NULL,'2025-07-01 09:15:54','2025-07-09 21:42:24',1),
(82,8,13,1,'file','https://eventetsot-media.s3.eu-north-1.amazonaws.com/media/8/1752097344_686ee240b4d6c.webp','image/jpeg',271629,NULL,NULL,NULL,NULL,NULL,'2025-07-01 09:15:54','2025-07-09 21:42:25',1),
(112,8,13,1,'file','https://eventetsot-media.s3.eu-north-1.amazonaws.com/media/8/1752138135_686f8197f0f16.webp','image/webp',50096,NULL,NULL,NULL,NULL,NULL,'2025-07-10 09:02:16','2025-07-10 09:02:16',1),
(114,20,27,0,'file','https://eventetsot-media.s3.eu-north-1.amazonaws.com/media/20/1753289569_68811361883fc.webp','image/webp',141461,NULL,NULL,NULL,NULL,NULL,'2025-07-23 16:52:51','2025-07-23 16:52:51',1),
(115,20,27,0,'file','https://eventetsot-media.s3.eu-north-1.amazonaws.com/media/20/1753290817_688118413271f.mov','video/quicktime',14238442,NULL,NULL,NULL,NULL,NULL,'2025-07-23 17:13:37','2025-07-23 17:13:37',1),
(116,20,27,1,'file','https://eventetsot-media.s3.eu-north-1.amazonaws.com/media/20/1753292131_68811d63067b8.webp','image/webp',109420,NULL,NULL,NULL,NULL,NULL,'2025-07-23 17:35:33','2025-07-23 17:35:33',1),
(117,20,27,1,'file','https://eventetsot-media.s3.eu-north-1.amazonaws.com/media/20/1753292233_68811dc941bd3.webp','image/webp',111303,NULL,NULL,NULL,NULL,NULL,'2025-07-23 17:37:15','2025-07-23 17:37:15',1),
(118,20,27,1,'file','https://eventetsot-media.s3.eu-north-1.amazonaws.com/media/20/1753292570_68811f1a2d5fd.webp','image/webp',175029,NULL,NULL,NULL,NULL,NULL,'2025-07-23 17:42:52','2025-07-23 17:42:52',1),
(119,20,27,1,'file','https://eventetsot-media.s3.eu-north-1.amazonaws.com/media/20/1753292741_68811fc587d58.webp','image/webp',168351,NULL,NULL,NULL,NULL,NULL,'2025-07-23 17:45:43','2025-07-23 17:45:43',1),
(123,20,27,1,'file','https://eventetsot-media.s3.eu-north-1.amazonaws.com/media/20/1753303691_68814a8b7f0ff.mp4','video/mp4',9959323,NULL,NULL,NULL,NULL,NULL,'2025-07-23 20:48:12','2025-07-23 20:48:12',1),
(124,20,27,1,'file','https://eventetsot-media.s3.eu-north-1.amazonaws.com/media/20/1753304453_68814d85692b0.webp','image/webp',136020,NULL,NULL,NULL,NULL,NULL,'2025-07-23 21:00:55','2025-07-23 21:00:55',1),
(125,20,27,1,'file','https://eventetsot-media.s3.eu-north-1.amazonaws.com/media/20/1753304485_68814da546cde.webp','image/webp',82540,NULL,NULL,NULL,NULL,NULL,'2025-07-23 21:01:27','2025-07-23 21:01:27',1),
(126,20,27,1,'file','https://eventetsot-media.s3.eu-north-1.amazonaws.com/media/20/1753307910_68815b06e3a2a.mov','video/quicktime',38548764,NULL,NULL,NULL,'Eventetsot.',NULL,'2025-07-23 21:58:31','2025-07-23 21:58:31',1),
(127,20,27,1,'file','https://eventetsot-media.s3.eu-north-1.amazonaws.com/media/20/1753312461_68816ccdb3c9e.webp','image/webp',161774,NULL,NULL,NULL,NULL,NULL,'2025-07-23 23:14:22','2025-07-23 23:14:22',1),
(128,20,27,1,'file','https://eventetsot-media.s3.eu-north-1.amazonaws.com/media/20/1753312491_68816cebb8577.mov','video/quicktime',9147328,NULL,NULL,NULL,NULL,NULL,'2025-07-23 23:14:52','2025-07-23 23:14:52',1),
(129,20,27,1,'file','https://eventetsot-media.s3.eu-north-1.amazonaws.com/media/20/1753312507_68816cfbac58a.mov','video/quicktime',9147328,NULL,NULL,NULL,NULL,NULL,'2025-07-23 23:15:08','2025-07-23 23:15:08',1),
(131,21,28,1,'file','https://eventetsot-media.s3.eu-north-1.amazonaws.com/media/21/1753373222_68825a26a3ef3.webp','image/webp',145812,NULL,NULL,NULL,'Donika | Marjan Wedding',NULL,'2025-07-24 16:07:04','2025-07-24 16:07:04',1),
(133,21,28,1,'file','https://eventetsot-media.s3.eu-north-1.amazonaws.com/media/21/1753380026_688274ba92c03.webp','image/webp',90558,NULL,NULL,NULL,NULL,NULL,'2025-07-24 18:00:27','2025-07-24 18:00:27',1),
(134,21,28,1,'file','https://eventetsot-media.s3.eu-north-1.amazonaws.com/media/21/1753380027_688274bbc8e80.webp','image/webp',119700,NULL,NULL,NULL,NULL,NULL,'2025-07-24 18:00:28','2025-07-24 18:00:28',1),
(135,21,28,1,'file','https://eventetsot-media.s3.eu-north-1.amazonaws.com/media/21/1753381840_68827bd02aa5d.webp','image/webp',133263,NULL,NULL,NULL,'I deshiroi motres time Donika berisha\r\nMartesen paq nje jet te Gjat dhe shum dashuri ne Familjen Oroshi .\r\nNe ket Urim marrin Pejës Familja Tun Lushit . ♥️','Abriele Lushi 🫶','2025-07-24 18:30:42','2025-07-24 18:30:42',1),
(136,21,28,1,'file','https://eventetsot-media.s3.eu-north-1.amazonaws.com/media/21/1753383366_688281c6cb7e4.webp','image/webp',126036,NULL,NULL,NULL,NULL,NULL,'2025-07-24 18:56:07','2025-07-24 18:56:07',1),
(137,21,28,1,'file','https://eventetsot-media.s3.eu-north-1.amazonaws.com/media/21/1753383367_688281c7e2030.webp','image/webp',101715,NULL,NULL,NULL,NULL,NULL,'2025-07-24 18:56:08','2025-07-24 18:56:08',1),
(138,21,28,1,'file','https://eventetsot-media.s3.eu-north-1.amazonaws.com/media/21/1753389460_688299941c27b.webp','image/webp',55180,NULL,NULL,NULL,NULL,NULL,'2025-07-24 20:37:41','2025-07-24 20:37:41',1),
(139,21,28,1,'file','https://eventetsot-media.s3.eu-north-1.amazonaws.com/media/21/1753391728_6882a2703a22f.webp','image/webp',101796,NULL,NULL,NULL,NULL,NULL,'2025-07-24 21:15:29','2025-07-24 21:15:29',1),
(140,21,28,1,'file','https://eventetsot-media.s3.eu-north-1.amazonaws.com/media/21/1753391729_6882a27105c42.webp','image/webp',125634,NULL,NULL,NULL,NULL,NULL,'2025-07-24 21:15:29','2025-07-24 21:15:29',1),
(141,21,28,1,'file','https://eventetsot-media.s3.eu-north-1.amazonaws.com/media/21/1753391729_6882a2718d6f0.webp','image/webp',110573,NULL,NULL,NULL,NULL,NULL,'2025-07-24 21:15:30','2025-07-24 21:15:30',1),
(142,21,28,1,'file','https://eventetsot-media.s3.eu-north-1.amazonaws.com/media/21/1753391730_6882a27287b35.webp','image/webp',116276,NULL,NULL,NULL,NULL,NULL,'2025-07-24 21:15:31','2025-07-24 21:15:31',1),
(143,21,28,1,'file','https://eventetsot-media.s3.eu-north-1.amazonaws.com/media/21/1753391731_6882a2737aa7b.webp','image/webp',120480,NULL,NULL,NULL,NULL,NULL,'2025-07-24 21:15:32','2025-07-24 21:15:32',1),
(144,21,28,1,'file','https://eventetsot-media.s3.eu-north-1.amazonaws.com/media/21/1753391732_6882a2746637b.webp','image/webp',123270,NULL,NULL,NULL,NULL,NULL,'2025-07-24 21:15:33','2025-07-24 21:15:33',1),
(145,21,28,1,'file','https://eventetsot-media.s3.eu-north-1.amazonaws.com/media/21/1753391733_6882a2755281e.webp','image/webp',109186,NULL,NULL,NULL,NULL,NULL,'2025-07-24 21:15:34','2025-07-24 21:15:34',1),
(146,21,28,1,'file','https://eventetsot-media.s3.eu-north-1.amazonaws.com/media/21/1753391734_6882a27638c0c.webp','image/webp',105048,NULL,NULL,NULL,NULL,NULL,'2025-07-24 21:15:35','2025-07-24 21:15:35',1),
(147,21,28,1,'file','https://eventetsot-media.s3.eu-north-1.amazonaws.com/media/21/1753391735_6882a2772118b.webp','image/webp',138924,NULL,NULL,NULL,NULL,NULL,'2025-07-24 21:15:36','2025-07-24 21:15:36',1),
(148,21,28,1,'file','https://eventetsot-media.s3.eu-north-1.amazonaws.com/media/21/1753391736_6882a278ce6bd.webp','image/webp',135301,NULL,NULL,NULL,NULL,NULL,'2025-07-24 21:15:37','2025-07-24 21:15:37',1),
(149,21,28,1,'file','https://eventetsot-media.s3.eu-north-1.amazonaws.com/media/21/1753391737_6882a279bc216.webp','image/webp',134168,NULL,NULL,NULL,NULL,NULL,'2025-07-24 21:15:38','2025-07-24 21:15:38',1),
(150,21,28,1,'file','https://eventetsot-media.s3.eu-north-1.amazonaws.com/media/21/1753391738_6882a27ade979.webp','image/webp',156185,NULL,NULL,NULL,NULL,NULL,'2025-07-24 21:15:40','2025-07-24 21:15:40',1),
(151,21,28,1,'text','https://eventetsot-media.s3.eu-north-1.amazonaws.com/media/21/1753468103_6883ccc7a1c6a.webp','image/webp',95679,'Qofshi te lumtur gjithmon dashuria kurrë mos ju mungoftë ju dua shumë🙏🥰❤️❤️','love-bg.jpg','rgb(0, 0, 0)',NULL,NULL,'2025-07-25 18:28:26','2025-07-25 18:28:26',1),
(152,20,27,1,'file','https://eventetsot-media.s3.eu-north-1.amazonaws.com/media/20/1753537360_6884db5097b2d.webp','image/webp',219068,NULL,NULL,NULL,NULL,NULL,'2025-07-26 13:42:41','2025-07-26 13:42:41',1),
(153,20,27,1,'file','https://eventetsot-media.s3.eu-north-1.amazonaws.com/media/20/1753537361_6884db51e438f.webp','image/webp',83421,NULL,NULL,NULL,NULL,NULL,'2025-07-26 13:42:42','2025-07-26 13:42:42',1),
(154,20,27,1,'file','https://eventetsot-media.s3.eu-north-1.amazonaws.com/media/20/1753537362_6884db52c8dec.webp','image/webp',133500,NULL,NULL,NULL,NULL,NULL,'2025-07-26 13:42:43','2025-07-26 13:42:43',1),
(155,20,27,1,'file','https://eventetsot-media.s3.eu-north-1.amazonaws.com/media/20/1753537363_6884db53bec60.webp','image/webp',110083,NULL,NULL,NULL,NULL,NULL,'2025-07-26 13:42:44','2025-07-26 13:42:44',1),
(156,20,27,1,'file','https://eventetsot-media.s3.eu-north-1.amazonaws.com/media/20/1753537364_6884db54b04a4.webp','image/webp',41866,NULL,NULL,NULL,NULL,NULL,'2025-07-26 13:42:45','2025-07-26 13:42:45',1),
(157,20,27,1,'file','https://eventetsot-media.s3.eu-north-1.amazonaws.com/media/20/1753537566_6884dc1e19ccd.mov','video/quicktime',16464864,NULL,NULL,NULL,NULL,NULL,'2025-07-26 13:46:06','2025-07-26 13:46:06',1),
(158,20,27,1,'file','https://eventetsot-media.s3.eu-north-1.amazonaws.com/media/20/1753537566_6884dc1ebb321.mov','video/quicktime',19936601,NULL,NULL,NULL,NULL,NULL,'2025-07-26 13:46:07','2025-07-26 13:46:07',1),
(159,20,27,1,'file','https://eventetsot-media.s3.eu-north-1.amazonaws.com/media/20/1753537567_6884dc1f2b7bd.mov','video/quicktime',15520554,NULL,NULL,NULL,NULL,NULL,'2025-07-26 13:46:07','2025-07-26 13:46:07',1),
(160,20,27,1,'file','https://eventetsot-media.s3.eu-north-1.amazonaws.com/media/20/1753561203_688538731c8c1.webp','image/webp',88527,NULL,NULL,NULL,NULL,NULL,'2025-07-26 20:20:03','2025-07-26 20:20:03',1),
(161,20,27,1,'file','https://eventetsot-media.s3.eu-north-1.amazonaws.com/media/20/1753610664_6885f9a8561f3.mov','video/mp4',40876837,NULL,NULL,NULL,NULL,NULL,'2025-07-27 10:04:25','2025-07-27 10:04:25',1),
(162,20,27,1,'file','https://eventetsot-media.s3.eu-north-1.amazonaws.com/media/20/1753611056_6885fb30ed86e.mov','video/mp4',40876837,NULL,NULL,NULL,NULL,NULL,'2025-07-27 10:10:58','2025-07-27 10:10:58',1),
(163,20,27,1,'file','https://eventetsot-media.s3.eu-north-1.amazonaws.com/media/20/1753611079_6885fb4780d31.mov','video/quicktime',44265183,NULL,NULL,NULL,NULL,NULL,'2025-07-27 10:11:20','2025-07-27 10:11:20',1),
(164,20,27,1,'file','https://eventetsot-media.s3.eu-north-1.amazonaws.com/media/20/1753611114_6885fb6ad87a3.mov','video/quicktime',4891732,NULL,NULL,NULL,NULL,NULL,'2025-07-27 10:11:55','2025-07-27 10:11:55',1),
(165,20,27,1,'file','https://eventetsot-media.s3.eu-north-1.amazonaws.com/media/20/1753611115_6885fb6b55ce9.mov','video/quicktime',60547448,NULL,NULL,NULL,NULL,NULL,'2025-07-27 10:11:56','2025-07-27 10:11:56',1),
(166,20,27,1,'file','https://eventetsot-media.s3.eu-north-1.amazonaws.com/media/20/1753611240_6885fbe8c50b4.mov','video/quicktime',43047764,NULL,NULL,NULL,NULL,NULL,'2025-07-27 10:14:01','2025-07-27 10:14:01',1),
(167,20,27,1,'file','https://eventetsot-media.s3.eu-north-1.amazonaws.com/media/20/1753611670_6885fd9688c94.mov','video/quicktime',4183573,NULL,NULL,NULL,NULL,NULL,'2025-07-27 10:21:10','2025-07-27 10:21:10',1),
(168,20,27,1,'file','https://eventetsot-media.s3.eu-north-1.amazonaws.com/media/20/1753611750_6885fde641872.mov','video/quicktime',7231999,NULL,NULL,NULL,NULL,NULL,'2025-07-27 10:22:30','2025-07-27 10:22:30',1),
(169,20,27,1,'file','https://eventetsot-media.s3.eu-north-1.amazonaws.com/media/20/1753612271_6885ffef668ca.mov','video/quicktime',20605505,NULL,NULL,NULL,NULL,NULL,'2025-07-27 10:31:12','2025-07-27 10:31:12',1),
(170,20,27,1,'file','https://eventetsot-media.s3.eu-north-1.amazonaws.com/media/20/1753612272_6885fff0226e5.webp','image/webp',155387,NULL,NULL,NULL,NULL,NULL,'2025-07-27 10:31:13','2025-07-27 10:31:13',1),
(171,20,27,1,'file','https://eventetsot-media.s3.eu-north-1.amazonaws.com/media/20/1753612295_68860007075d9.mp4','video/mp4',17018677,NULL,NULL,NULL,NULL,NULL,'2025-07-27 10:31:35','2025-07-27 10:31:35',1),
(172,20,27,1,'file','https://eventetsot-media.s3.eu-north-1.amazonaws.com/media/20/1753612324_68860024e16ca.webp','image/webp',112203,NULL,NULL,NULL,NULL,NULL,'2025-07-27 10:32:08','2025-07-27 10:32:08',1),
(173,12,18,1,'file','https://eventetsot-media.s3.eu-north-1.amazonaws.com/media/12/1753981176_688ba0f88bdf4.webp','image/webp',134385,NULL,NULL,NULL,NULL,NULL,'2025-07-31 16:59:37','2025-07-31 16:59:37',1),
(174,12,18,1,'file','https://eventetsot-media.s3.eu-north-1.amazonaws.com/media/12/1753983820_688bab4c67123.webp','image/webp',67812,NULL,NULL,NULL,'Qikat e dajes t dhandrit i urojne martesen Edit nipit me te mire jete te gjat e te lumtur Vlerona&Albina ju dergojne shume puthje❤️❤️',NULL,'2025-07-31 17:43:41','2025-07-31 17:43:41',1),
(175,12,18,1,'file','https://eventetsot-media.s3.eu-north-1.amazonaws.com/media/12/1753985764_688bb2e4eeec9.webp','image/webp',61496,NULL,NULL,NULL,'Urime per qiftin ma tri vitin tjeter ishalla e festojm ditelindjen e naj bebushit😅🤍🤍','Benita','2025-07-31 18:16:05','2025-07-31 18:16:05',1),
(176,12,18,1,'file','https://eventetsot-media.s3.eu-north-1.amazonaws.com/media/12/1753987177_688bb8696d513.webp','image/webp',100219,NULL,NULL,NULL,'Urime,shëndet!','Gazmend Aliu','2025-07-31 18:39:38','2025-07-31 18:39:38',1),
(177,12,18,1,'file','https://eventetsot-media.s3.eu-north-1.amazonaws.com/media/12/1753988127_688bbc1fcbb9f.webp','image/webp',116605,NULL,NULL,NULL,'urime nip martesa u trashegofshi','nga sadiki dhe bujari','2025-07-31 18:55:29','2025-07-31 18:55:29',1),
(178,12,18,1,'file','https://eventetsot-media.s3.eu-north-1.amazonaws.com/media/12/1753990796_688bc68caaceb.webp','image/webp',84311,NULL,NULL,NULL,NULL,NULL,'2025-07-31 19:39:57','2025-07-31 19:39:57',1),
(179,12,18,1,'file','https://eventetsot-media.s3.eu-north-1.amazonaws.com/media/12/1753991207_688bc827c2198.webp','image/webp',127581,NULL,NULL,NULL,NULL,NULL,'2025-07-31 19:46:49','2025-07-31 19:46:49',1),
(180,12,18,1,'file','https://eventetsot-media.s3.eu-north-1.amazonaws.com/media/12/1753991432_688bc908989b8.webp','image/webp',142246,NULL,NULL,NULL,NULL,NULL,'2025-07-31 19:50:34','2025-07-31 19:50:34',1),
(181,12,18,1,'text','https://eventetsot-media.s3.eu-north-1.amazonaws.com/media/12/1753991540_688bc974b8b60.webp','image/webp',90831,'U trashegofshi me shendet e krejt tmirat🫶🏻','love-bg.jpg','rgb(0, 0, 0)',NULL,NULL,'2025-07-31 19:52:23','2025-07-31 19:52:23',1),
(182,12,18,1,'file','https://eventetsot-media.s3.eu-north-1.amazonaws.com/media/12/1753991683_688bca03f242c.webp','image/webp',126445,NULL,NULL,NULL,NULL,NULL,'2025-07-31 19:54:45','2025-07-31 19:54:45',1),
(183,12,18,1,'file','https://eventetsot-media.s3.eu-north-1.amazonaws.com/media/12/1753992071_688bcb87d63b7.webp','image/webp',113010,NULL,NULL,NULL,NULL,NULL,'2025-07-31 20:01:13','2025-07-31 20:01:13',1),
(184,12,18,1,'file','https://eventetsot-media.s3.eu-north-1.amazonaws.com/media/12/1753992079_688bcb8f5ed47.webp','image/webp',117795,NULL,NULL,NULL,'Orime orime orime','Tini Bini Driloni Noti','2025-07-31 20:01:21','2025-07-31 20:01:21',1),
(185,12,18,1,'file','https://eventetsot-media.s3.eu-north-1.amazonaws.com/media/12/1753992470_688bcd162f3b8.webp','image/webp',95114,NULL,NULL,NULL,'Driloni & Albini ja uron Edisonit & Ermelindes martesen 🌹❤️','Driloni','2025-07-31 20:07:50','2025-07-31 20:07:50',1),
(186,12,18,1,'file','https://eventetsot-media.s3.eu-north-1.amazonaws.com/media/12/1753999135_688be71f8e048.webp','image/webp',67780,NULL,NULL,NULL,NULL,NULL,'2025-07-31 21:58:56','2025-07-31 21:58:56',1),
(187,12,18,1,'file','https://eventetsot-media.s3.eu-north-1.amazonaws.com/media/12/1754008008_688c09c85b5b2.webp','image/webp',107063,NULL,NULL,NULL,NULL,NULL,'2025-08-01 00:26:49','2025-08-01 00:26:49',1),
(188,12,18,1,'file','https://eventetsot-media.s3.eu-north-1.amazonaws.com/media/12/1754008098_688c0a2248e8a.mov','video/quicktime',4191066,NULL,NULL,NULL,NULL,NULL,'2025-08-01 00:28:18','2025-08-01 00:28:18',1),
(189,12,18,1,'file','https://eventetsot-media.s3.eu-north-1.amazonaws.com/media/12/1754051547_688cb3db11172.webp','image/webp',139953,NULL,NULL,NULL,NULL,NULL,'2025-08-01 12:32:29','2025-08-01 12:32:29',1),
(190,12,18,1,'file','https://eventetsot-media.s3.eu-north-1.amazonaws.com/media/12/1754056409_688cc6d9aaf9a.mov','video/quicktime',25292375,NULL,NULL,NULL,NULL,NULL,'2025-08-01 13:53:30','2025-08-01 13:53:30',1),
(191,12,18,1,'file','https://eventetsot-media.s3.eu-north-1.amazonaws.com/media/12/1754057842_688ccc7299d15.webp','image/webp',249251,NULL,NULL,NULL,'Urime martesa Edi&Ermelinda qofshit te lumtur gjithmone🤍🤍','Erza Agon','2025-08-01 14:17:24','2025-08-01 14:17:24',1);
/*!40000 ALTER TABLE `media` ENABLE KEYS */;
UNLOCK TABLES;

--
-- Table structure for table `migrations`
--

DROP TABLE IF EXISTS `migrations`;
/*!40101 SET @saved_cs_client     = @@character_set_client */;
/*!40101 SET character_set_client = utf8mb4 */;
CREATE TABLE `migrations` (
  `id` int(10) unsigned NOT NULL AUTO_INCREMENT,
  `migration` varchar(191) NOT NULL,
  `batch` int(11) NOT NULL,
  PRIMARY KEY (`id`)
) ENGINE=InnoDB AUTO_INCREMENT=17 DEFAULT CHARSET=utf8mb4 COLLATE=utf8mb4_unicode_ci;
/*!40101 SET character_set_client = @saved_cs_client */;

--
-- Dumping data for table `migrations`
--

LOCK TABLES `migrations` WRITE;
/*!40000 ALTER TABLE `migrations` DISABLE KEYS */;
INSERT INTO `migrations` VALUES
(1,'0001_01_01_000000_create_users_table',1),
(2,'0001_01_01_000001_create_cache_table',1),
(3,'0001_01_01_000002_create_jobs_table',1),
(4,'2025_05_02_195949_create_admins_table',1),
(5,'2025_05_02_202114_create_blogs_table',1),
(6,'2025_05_02_202114_create_events_table',1),
(7,'2025_05_02_202114_create_media_table',1),
(8,'2025_05_02_202114_create_testimonials_table',1),
(9,'2025_05_15_201030_create_templates_table',1),
(10,'2025_05_28_142653_create_subscription_plans_table',1),
(11,'2025_05_28_142703_create_user_subscriptions_table',1),
(12,'2025_06_19_210035_add_deleted_at_to_users_table',1),
(13,'2025_06_20_171516_create_languages_table',1),
(14,'2025_06_20_171516_create_translation_items_table',1),
(15,'2025_06_20_171516_create_translations_table',1),
(16,'2025_07_08_200001_update_media_table',2);
/*!40000 ALTER TABLE `migrations` ENABLE KEYS */;
UNLOCK TABLES;

--
-- Table structure for table `password_reset_tokens`
--

DROP TABLE IF EXISTS `password_reset_tokens`;
/*!40101 SET @saved_cs_client     = @@character_set_client */;
/*!40101 SET character_set_client = utf8mb4 */;
CREATE TABLE `password_reset_tokens` (
  `email` varchar(191) NOT NULL,
  `token` varchar(191) NOT NULL,
  `created_at` timestamp NULL DEFAULT NULL,
  PRIMARY KEY (`email`)
) ENGINE=InnoDB DEFAULT CHARSET=utf8mb4 COLLATE=utf8mb4_unicode_ci;
/*!40101 SET character_set_client = @saved_cs_client */;

--
-- Dumping data for table `password_reset_tokens`
--

LOCK TABLES `password_reset_tokens` WRITE;
/*!40000 ALTER TABLE `password_reset_tokens` DISABLE KEYS */;
/*!40000 ALTER TABLE `password_reset_tokens` ENABLE KEYS */;
UNLOCK TABLES;

--
-- Table structure for table `sessions`
--

DROP TABLE IF EXISTS `sessions`;
/*!40101 SET @saved_cs_client     = @@character_set_client */;
/*!40101 SET character_set_client = utf8mb4 */;
CREATE TABLE `sessions` (
  `id` varchar(191) NOT NULL,
  `user_id` bigint(20) unsigned DEFAULT NULL,
  `ip_address` varchar(45) DEFAULT NULL,
  `user_agent` text DEFAULT NULL,
  `payload` longtext NOT NULL,
  `last_activity` int(11) NOT NULL,
  PRIMARY KEY (`id`),
  KEY `sessions_user_id_index` (`user_id`),
  KEY `sessions_last_activity_index` (`last_activity`)
) ENGINE=InnoDB DEFAULT CHARSET=utf8mb4 COLLATE=utf8mb4_unicode_ci;
/*!40101 SET character_set_client = @saved_cs_client */;

--
-- Dumping data for table `sessions`
--

LOCK TABLES `sessions` WRITE;
/*!40000 ALTER TABLE `sessions` DISABLE KEYS */;
INSERT INTO `sessions` VALUES
('2RPWNKFufJB9iMf0wG0FJpxtNIdYeDMG3iaqtAdU',NULL,'213.163.100.182','Mozilla/5.0 (Windows NT 10.0; Win64; x64) AppleWebKit/537.36 (KHTML, like Gecko) Chrome/145.0.0.0 Safari/537.36','YTo0OntzOjY6ImxvY2FsZSI7czoyOiJzcSI7czo2OiJfdG9rZW4iO3M6NDA6IjZ4ellPNWV2WG9kZnZVRTRncG80dk84bmE5T1VBUlRyUTBnVllpam8iO3M6OToiX3ByZXZpb3VzIjthOjE6e3M6MzoidXJsIjtzOjIyOiJodHRwczovL2V2ZW50ZXRzb3QuY29tIjt9czo2OiJfZmxhc2giO2E6Mjp7czozOiJvbGQiO2E6MDp7fXM6MzoibmV3IjthOjA6e319fQ==',1772784331),
('g9RTys28Vep1nFtebMArhNJn3vjv08CeEdNkuAVt',NULL,'204.76.203.8','Mozilla/5.0','YTo0OntzOjY6ImxvY2FsZSI7czoyOiJzcSI7czo2OiJfdG9rZW4iO3M6NDA6InhrUnFieXVTMHZqVWt3YTBxRDBtSmF6enZkZ2ZCdjNBekwzcVZwb1IiO3M6OToiX3ByZXZpb3VzIjthOjE6e3M6MzoidXJsIjtzOjIwOiJodHRwczovLzY0LjIyNi44MC42OCI7fXM6NjoiX2ZsYXNoIjthOjI6e3M6Mzoib2xkIjthOjA6e31zOjM6Im5ldyI7YTowOnt9fX0=',1772777857),
('kfP9CqJbwmVqXbO6pJnWnuIs3EkmdhRAB6JAbjcy',NULL,'66.249.64.226','Mozilla/5.0 (Linux; Android 6.0.1; Nexus 5X Build/MMB29P) AppleWebKit/537.36 (KHTML, like Gecko) Chrome/144.0.7559.132 Mobile Safari/537.36 (compatible; Googlebot/2.1; +http://www.google.com/bot.html)','YTo0OntzOjY6ImxvY2FsZSI7czoyOiJzcSI7czo2OiJfdG9rZW4iO3M6NDA6IlZjMzRVc0t2Z3BGelJtclJaOVhNRWlkUEM0Vld1RUZQR0ZKSDFkSDEiO3M6OToiX3ByZXZpb3VzIjthOjE6e3M6MzoidXJsIjtzOjMwOiJodHRwczovL2V2ZW50ZXRzb3QuY29tL3ByaWNpbmciO31zOjY6Il9mbGFzaCI7YToyOntzOjM6Im9sZCI7YTowOnt9czozOiJuZXciO2E6MDp7fX19',1772786669),
('kXoVjqifvLJo9WAFWWCeLunM8lcOzj86kZDLMOIq',NULL,'79.124.40.174','Mozilla/5.0 (Windows NT 10.0; Win64; x64) AppleWebKit/537.36 (KHTML, like Gecko) Chrome/78.0.3904.108 Safari/537.36','YTo0OntzOjY6ImxvY2FsZSI7czoyOiJzcSI7czo2OiJfdG9rZW4iO3M6NDA6ImlsYkdWYVpWU1I3RVVFN0NDdmFvNGR1am5PVUQxMktVQmhpQ0c3a0oiO3M6OToiX3ByZXZpb3VzIjthOjE6e3M6MzoidXJsIjtzOjUxOiJodHRwczovLzY0LjIyNi44MC42OC8/WERFQlVHX1NFU1NJT05fU1RBUlQ9cGhwc3Rvcm0iO31zOjY6Il9mbGFzaCI7YToyOntzOjM6Im9sZCI7YTowOnt9czozOiJuZXciO2E6MDp7fX19',1772782689),
('lSoPHAFi1Slax9VcABdut4dI5PRIm6MKgzB1RDTY',NULL,'43.157.179.227','Mozilla/5.0 (iPhone; CPU iPhone OS 13_2_3 like Mac OS X) AppleWebKit/605.1.15 (KHTML, like Gecko) Version/13.0.3 Mobile/15E148 Safari/604.1','YTo0OntzOjY6ImxvY2FsZSI7czoyOiJzcSI7czo2OiJfdG9rZW4iO3M6NDA6Iko2aFg3VzZKWkIxczFqV2dNRTF0T3prcERzYkZPc2Q4d252UVZBeEgiO3M6OToiX3ByZXZpb3VzIjthOjE6e3M6MzoidXJsIjtzOjIyOiJodHRwczovL2V2ZW50ZXRzb3QuY29tIjt9czo2OiJfZmxhc2giO2E6Mjp7czozOiJvbGQiO2E6MDp7fXM6MzoibmV3IjthOjA6e319fQ==',1772786251),
('QYfcPfrCUYY6a5ggOcCye6AYJqW2ZM3pdEhpiggd',NULL,'176.65.148.161','Mozilla/5.0 (compatible; Let\'s Encrypt validation server; +https://www.letsencrypt.org)','YTozOntzOjY6ImxvY2FsZSI7czoyOiJzcSI7czo2OiJfdG9rZW4iO3M6NDA6InJ2M2VSNEh5YVJla0dUVWlFcDJaMFljOURDY0N1ajVONm1rRGRhaDciO3M6NjoiX2ZsYXNoIjthOjI6e3M6Mzoib2xkIjthOjA6e31zOjM6Im5ldyI7YTowOnt9fX0=',1772782473),
('XHjHOkePqud9Q0DV0ncSBNq4Mn1CX6SStHQADpcZ',NULL,'176.65.148.161','Mozilla/5.0 (compatible; Let\'s Encrypt validation server; +https://www.letsencrypt.org)','YTo0OntzOjY6ImxvY2FsZSI7czoyOiJzcSI7czo2OiJfdG9rZW4iO3M6NDA6IlRVbmZSMWhrVU5NRFhKOW5RaG5YbTF5MkVNSTJHMWhaMjMwWnJ3S1UiO3M6OToiX3ByZXZpb3VzIjthOjE6e3M6MzoidXJsIjtzOjIyOiJodHRwczovL2V2ZW50ZXRzb3QuY29tIjt9czo2OiJfZmxhc2giO2E6Mjp7czozOiJvbGQiO2E6MDp7fXM6MzoibmV3IjthOjA6e319fQ==',1772782474);
/*!40000 ALTER TABLE `sessions` ENABLE KEYS */;
UNLOCK TABLES;

--
-- Table structure for table `subscription_plans`
--

DROP TABLE IF EXISTS `subscription_plans`;
/*!40101 SET @saved_cs_client     = @@character_set_client */;
/*!40101 SET character_set_client = utf8mb4 */;
CREATE TABLE `subscription_plans` (
  `id` bigint(20) unsigned NOT NULL AUTO_INCREMENT,
  `name` varchar(191) NOT NULL,
  `slug` varchar(191) NOT NULL,
  `description` text DEFAULT NULL,
  `price` decimal(10,2) NOT NULL,
  `currency` varchar(3) NOT NULL DEFAULT 'USD',
  `billing_cycle_days` int(11) NOT NULL,
  `is_active` tinyint(1) NOT NULL DEFAULT 1,
  `features` longtext CHARACTER SET utf8mb4 COLLATE utf8mb4_bin DEFAULT NULL CHECK (json_valid(`features`)),
  `limits` longtext CHARACTER SET utf8mb4 COLLATE utf8mb4_bin DEFAULT NULL CHECK (json_valid(`limits`)),
  `created_at` timestamp NULL DEFAULT NULL,
  `updated_at` timestamp NULL DEFAULT NULL,
  PRIMARY KEY (`id`),
  UNIQUE KEY `subscription_plans_slug_unique` (`slug`)
) ENGINE=InnoDB AUTO_INCREMENT=3 DEFAULT CHARSET=utf8mb4 COLLATE=utf8mb4_unicode_ci;
/*!40101 SET character_set_client = @saved_cs_client */;

--
-- Dumping data for table `subscription_plans`
--

LOCK TABLES `subscription_plans` WRITE;
/*!40000 ALTER TABLE `subscription_plans` DISABLE KEYS */;
INSERT INTO `subscription_plans` VALUES
(1,'Falas','free',NULL,0.00,'EUR',0,1,'[\"Deri n\\u00eb 20 ngarkime fotosh dhe videosh\",\"T\\u00eb ftuar dhe pjes\\u00ebmarr\\u00ebs t\\u00eb pakufizuar\",\"Ngarkimet ruhen p\\u00ebr 7 dit\\u00eb\",\"Opsione baz\\u00eb p\\u00ebr personalizim\",\"Aktive p\\u00ebr 3 or\\u00eb nga data e eventit\",\"T\\u00eb gjitha ngarkimet ruhen n\\u00eb cil\\u00ebsi t\\u00eb mir\\u00eb\"]','{\"max_uploads\":20,\"storage_days\":7,\"active_days\":3,\"active_hours\":3}','2025-06-23 23:21:57','2025-06-23 23:21:57'),
(2,'Plus','plus',NULL,200.00,'EUR',180,1,'[\"Ngarkime t\\u00eb pakufizuara t\\u00eb fotove dhe videove\",\"T\\u00eb ftuar dhe pjes\\u00ebmarr\\u00ebs t\\u00eb pakufizuar\",\"Ngarkimet ruh\\u00ebn p\\u00ebr 6 muaj\",\"Opsione t\\u00eb avancuara p\\u00ebr personalizim\",\"Aktive p\\u00ebr 30 dit\\u00eb nga data e eventit\",\"T\\u00eb gjitha ngarkimet ruh\\u00ebn n\\u00eb cil\\u00ebsi t\\u00eb lart\\u00eb\",\"Shkarkoni t\\u00eb gjitha fotot dhe videot menj\\u00ebher\\u00eb\"]','{\"max_uploads\":null,\"storage_days\":180,\"active_days\":30,\"instant_download\":true}','2025-06-23 23:21:57','2025-07-28 00:09:16');
/*!40000 ALTER TABLE `subscription_plans` ENABLE KEYS */;
UNLOCK TABLES;

--
-- Table structure for table `templates`
--

DROP TABLE IF EXISTS `templates`;
/*!40101 SET @saved_cs_client     = @@character_set_client */;
/*!40101 SET character_set_client = utf8mb4 */;
CREATE TABLE `templates` (
  `id` bigint(20) unsigned NOT NULL AUTO_INCREMENT,
  `image_path` varchar(191) NOT NULL,
  `text_x` int(11) NOT NULL,
  `text_y` int(11) NOT NULL,
  `max_width` int(11) NOT NULL,
  `font` varchar(191) NOT NULL DEFAULT 'arial.ttf',
  `font_size` int(11) NOT NULL DEFAULT 24,
  `font_color` varchar(191) NOT NULL DEFAULT '#000000',
  `created_at` timestamp NULL DEFAULT NULL,
  `updated_at` timestamp NULL DEFAULT NULL,
  PRIMARY KEY (`id`)
) ENGINE=InnoDB AUTO_INCREMENT=14 DEFAULT CHARSET=utf8mb4 COLLATE=utf8mb4_unicode_ci;
/*!40101 SET character_set_client = @saved_cs_client */;

--
-- Dumping data for table `templates`
--

LOCK TABLES `templates` WRITE;
/*!40000 ALTER TABLE `templates` DISABLE KEYS */;
INSERT INTO `templates` VALUES
(1,'cartoon-bg.jpg',250,200,300,'arial.ttf',36,'#FFFFFF','2025-06-23 23:21:58','2025-06-23 23:21:58'),
(2,'dark-abstract-bg.jpg',250,200,300,'arial.ttf',36,'#FFFFFF','2025-06-23 23:21:58','2025-06-23 23:21:58'),
(3,'emoji-bg.jpg',250,200,300,'arial.ttf',36,'#000000','2025-06-23 23:21:58','2025-06-23 23:21:58'),
(4,'love-bg.jpg',250,200,300,'arial.ttf',36,'#000000','2025-06-23 23:21:58','2025-06-23 23:21:58'),
(5,'memphis-bg.jpg',250,200,300,'arial.ttf',36,'#000000','2025-06-23 23:21:58','2025-06-23 23:21:58'),
(6,'pinky-sky-bg.jpg',250,200,300,'arial.ttf',36,'#000000','2025-06-23 23:21:58','2025-06-23 23:21:58'),
(7,'present-bg.jpg',250,200,300,'arial.ttf',36,'#000000','2025-06-23 23:21:58','2025-06-23 23:21:58'),
(8,'simple-black-bg.jpg',250,200,300,'arial.ttf',36,'#FFFFFF','2025-06-23 23:21:58','2025-06-23 23:21:58'),
(9,'tropical-summer-bg.jpg',250,200,300,'arial.ttf',36,'#000000','2025-06-23 23:21:58','2025-06-23 23:21:58'),
(10,'wedding-bg.jpg',250,200,300,'arial.ttf',36,'#000000','2025-06-23 23:21:58','2025-06-23 23:21:58'),
(11,'white-abstract-bg.jpg',250,200,300,'arial.ttf',36,'#000000','2025-06-23 23:21:58','2025-06-23 23:21:58'),
(12,'white-decorations-bg.jpg',250,200,300,'arial.ttf',36,'#000000','2025-06-23 23:21:58','2025-06-23 23:21:58'),
(13,'white-green-abstract-bg.jpg',250,200,300,'arial.ttf',36,'#000000#','2025-06-23 23:21:58','2025-06-23 23:21:58');
/*!40000 ALTER TABLE `templates` ENABLE KEYS */;
UNLOCK TABLES;

--
-- Table structure for table `testimonials`
--

DROP TABLE IF EXISTS `testimonials`;
/*!40101 SET @saved_cs_client     = @@character_set_client */;
/*!40101 SET character_set_client = utf8mb4 */;
CREATE TABLE `testimonials` (
  `id` bigint(20) unsigned NOT NULL AUTO_INCREMENT,
  `created_at` timestamp NULL DEFAULT NULL,
  `updated_at` timestamp NULL DEFAULT NULL,
  PRIMARY KEY (`id`)
) ENGINE=InnoDB DEFAULT CHARSET=utf8mb4 COLLATE=utf8mb4_unicode_ci;
/*!40101 SET character_set_client = @saved_cs_client */;

--
-- Dumping data for table `testimonials`
--

LOCK TABLES `testimonials` WRITE;
/*!40000 ALTER TABLE `testimonials` DISABLE KEYS */;
/*!40000 ALTER TABLE `testimonials` ENABLE KEYS */;
UNLOCK TABLES;

--
-- Table structure for table `translation_items`
--

DROP TABLE IF EXISTS `translation_items`;
/*!40101 SET @saved_cs_client     = @@character_set_client */;
/*!40101 SET character_set_client = utf8mb4 */;
CREATE TABLE `translation_items` (
  `id` bigint(20) unsigned NOT NULL AUTO_INCREMENT,
  `translation_id` bigint(20) unsigned NOT NULL,
  `language_id` bigint(20) unsigned NOT NULL,
  `value` text DEFAULT NULL,
  `created_at` timestamp NULL DEFAULT NULL,
  `updated_at` timestamp NULL DEFAULT NULL,
  PRIMARY KEY (`id`),
  UNIQUE KEY `translation_items_translation_id_language_id_unique` (`translation_id`,`language_id`),
  KEY `translation_items_language_id_foreign` (`language_id`),
  CONSTRAINT `translation_items_language_id_foreign` FOREIGN KEY (`language_id`) REFERENCES `languages` (`id`),
  CONSTRAINT `translation_items_translation_id_foreign` FOREIGN KEY (`translation_id`) REFERENCES `translations` (`id`) ON DELETE CASCADE
) ENGINE=InnoDB AUTO_INCREMENT=329 DEFAULT CHARSET=utf8mb4 COLLATE=utf8mb4_unicode_ci;
/*!40101 SET character_set_client = @saved_cs_client */;

--
-- Dumping data for table `translation_items`
--

LOCK TABLES `translation_items` WRITE;
/*!40000 ALTER TABLE `translation_items` DISABLE KEYS */;
INSERT INTO `translation_items` VALUES
(1,1,2,'Easily collect photos','2025-06-23 23:21:58','2025-06-23 23:21:58'),
(2,1,1,'Mblidh lehtësisht fotot','2025-06-23 23:21:58','2025-06-23 23:21:58'),
(3,2,2,'from every guest','2025-06-23 23:21:58','2025-06-23 23:21:58'),
(4,2,1,'nga çdo i ftuar','2025-06-23 23:21:58','2025-06-23 23:21:58'),
(5,3,2,'at your','2025-06-23 23:21:58','2025-06-23 23:21:58'),
(6,3,1,'në eventin','2025-06-23 23:21:58','2025-06-23 23:21:58'),
(7,4,2,'event','2025-06-23 23:21:58','2025-06-23 23:21:58'),
(8,4,1,'tënde','2025-06-23 23:21:58','2025-06-23 23:21:58'),
(9,5,2,'Collect every photo and video from guests in a digital album without apps, without complications, so simple even grandma can use it.','2025-06-23 23:21:58','2025-06-23 23:21:58'),
(10,5,1,'Mblidh çdo foto dhe video nga të ftuarit në një album digjital pa aplikacione, pa komplikime, aq e thjeshtë sa edhe gjyshja mund ta përdorë.','2025-06-23 23:21:58','2025-06-23 23:21:58'),
(11,6,2,'Get Started','2025-06-23 23:21:58','2025-06-23 23:21:58'),
(12,6,1,'Filloni','2025-06-23 23:21:58','2025-06-23 23:21:58'),
(13,7,2,'Try this demo','2025-06-23 23:21:58','2025-06-23 23:21:58'),
(14,7,1,'Provoni këtë demo','2025-06-23 23:21:58','2025-06-23 23:21:58'),
(15,8,2,'Step 1','2025-06-23 23:21:58','2025-06-23 23:21:58'),
(16,8,1,'Hapi 1','2025-06-23 23:21:58','2025-06-23 23:21:58'),
(17,9,2,'Sign up and create your event','2025-06-23 23:21:58','2025-06-23 23:21:58'),
(18,9,1,'Regjistrohu dhe krijo eventin tënde','2025-06-23 23:21:58','2025-06-23 23:21:58'),
(19,10,2,'Step 2','2025-06-23 23:21:58','2025-06-23 23:21:58'),
(20,10,1,'Hapi 2','2025-06-23 23:21:58','2025-06-23 23:21:58'),
(21,11,2,'Guests join via link or by scanning QR code','2025-06-23 23:21:58','2025-06-23 23:21:58'),
(22,11,1,'Të ftuarit bashkohen me link ose duke skanuar QR-në','2025-06-23 23:21:58','2025-06-23 23:21:58'),
(23,12,2,'Step 3','2025-06-23 23:21:58','2025-06-23 23:21:58'),
(24,12,1,'Hapi 3','2025-06-23 23:21:58','2025-06-23 23:21:58'),
(25,13,2,'Enjoy all the captured moments!','2025-06-23 23:21:58','2025-06-23 23:21:58'),
(26,13,1,'Shijo të gjitha momentet e kapura!','2025-06-23 23:21:58','2025-06-23 23:21:58'),
(27,14,2,'Sharing photos from events has never been easier','2025-06-23 23:21:58','2025-06-23 23:21:58'),
(28,14,1,'Shpërndarja e fotove nga eventi nuk ka qenë kurrë më e lehtë','2025-06-23 23:21:58','2025-06-23 23:21:58'),
(29,15,2,'Collect and share photos and videos with guests in a stunning digital album setup is quick, and sharing takes seconds.','2025-06-23 23:21:58','2025-06-23 23:21:58'),
(30,15,1,'Mblidh dhe shpërndaj foto e video me të ftuarit në një album digjital mahnitës konfigurimi është i shpejtë, dhe shpërndarja bëhet në pak sekonda.','2025-06-23 23:21:58','2025-06-23 23:21:58'),
(31,16,2,'Guest Photos and Videos','2025-06-23 23:21:58','2025-06-23 23:21:58'),
(32,16,1,'Fotot dhe Videot e të Ftuarve','2025-06-23 23:21:58','2025-06-23 23:21:58'),
(33,17,2,'Experience your event through the eyes of your guests by collecting every photo and video they take!','2025-06-23 23:21:58','2025-06-23 23:21:58'),
(34,17,1,'Përjetoje eventin tënd përmes syve të të ftuarve duke mbledhur çdo foto dhe video që ata bëjnë!','2025-06-23 23:21:58','2025-06-23 23:21:58'),
(35,18,2,'Text Posts & Captions','2025-06-23 23:21:58','2025-06-23 23:21:58'),
(36,18,1,'Postime me Tekst & Përshkrime','2025-06-23 23:21:58','2025-06-23 23:21:58'),
(37,19,2,'Let guests share messages as decorated text posts or captions alongside their photos and videos.','2025-06-23 23:21:58','2025-06-23 23:21:58'),
(38,19,1,'Lejo të ftuarit të ndajnë mesazhe si postime të zbukuruara me tekst apo përshkrime përkrah fotove dhe videove të tyre.','2025-06-23 23:21:58','2025-06-23 23:21:58'),
(39,20,2,'Extremely Easy to Use','2025-06-23 23:21:58','2025-06-23 23:21:58'),
(40,20,1,'Jashtëzakonisht e Lehtë për t\'u Përdorur','2025-06-23 23:21:58','2025-06-23 23:21:58'),
(41,21,2,'Guests can easily join by clicking the album link or scanning a QR code. No app downloads or registrations required. We created this for those who aren\'t tech-savvy.','2025-06-23 23:21:58','2025-06-23 23:21:58'),
(42,21,1,'Të ftuarit mund të bashkohen lehtësisht duke klikuar në linkun e albumit ose duke skanuar një kod QR. Pa shkarkime aplikacionesh apo regjistrime. E kemi krijuar këtë për ata që nuk janë të aftë me teknologjinë.','2025-06-23 23:21:58','2025-06-23 23:21:58'),
(43,22,2,'How it works?','2025-06-23 23:21:58','2025-06-23 23:21:58'),
(44,22,1,'Si funksionon?','2025-06-23 23:21:58','2025-06-23 23:21:58'),
(45,23,2,'Stress-free experience - for you and your guests.','2025-06-23 23:21:58','2025-06-23 23:21:58'),
(46,23,1,'Përvojë pa stres – për ty dhe për të ftuarit.','2025-06-23 23:21:58','2025-06-23 23:21:58'),
(47,24,2,'Create your event','2025-06-23 23:21:58','2025-06-23 23:21:58'),
(48,24,1,'Krijo eventin tënd','2025-06-23 23:21:58','2025-06-23 23:21:58'),
(49,25,2,'Create a private digital album where guests can add photos, videos and messages. Customize the title, date, colors and backgrounds to your liking!','2025-06-23 23:21:58','2025-06-23 23:21:58'),
(50,25,1,'Krijo një album digjital privat ku të ftuarit mund të shtojnë foto, video dhe mesazhe. Personalizo titullin, datën, ngjyrat dhe sfondet sipas dëshirës tënde!','2025-06-23 23:21:58','2025-06-23 23:21:58'),
(51,26,2,'Share with guests','2025-06-23 23:21:58','2025-06-23 23:21:58'),
(52,26,1,'Ndaje me të ftuarit','2025-06-23 23:21:58','2025-06-23 23:21:58'),
(53,27,2,'Guests can easily view or add photos and videos to your digital album by scanning the unique QR code or using the album link - before, during and after the event!','2025-06-23 23:21:58','2025-06-23 23:21:58'),
(54,27,1,'Të ftuarit mund të shikojnë ose të shtojnë lehtësisht foto dhe video në albumin tënd digjital duke skanuar QR kodin unik ose duke përdorur linkun e albumit — para, gjatë dhe pas eventit!','2025-06-23 23:21:58','2025-06-23 23:21:58'),
(55,28,2,'Share as a link via email, SMS, chat apps etc.','2025-06-23 23:21:58','2025-06-23 23:21:58'),
(56,28,1,'Ndaje si link përmes email-it, SMS-it, aplikacioneve të bisedës etj.','2025-06-23 23:21:58','2025-06-23 23:21:58'),
(57,29,2,'Share as QR code on printed cards and signs.','2025-06-23 23:21:58','2025-06-23 23:21:58'),
(58,29,1,'Ndaje si QR kod në karta të printuara dhe tabela.','2025-06-23 23:21:58','2025-06-23 23:21:58'),
(59,30,2,'No app downloads. No registration required.','2025-06-23 23:21:58','2025-06-23 23:21:58'),
(60,30,1,'Pa shkarkime aplikacionesh. Pa nevojë për regjistrim.','2025-06-23 23:21:58','2025-06-23 23:21:58'),
(61,31,2,'Enjoy all the captured moments','2025-06-23 23:21:58','2025-06-23 23:21:58'),
(62,31,1,'Shijo të gjitha momentet e kapura','2025-06-23 23:21:58','2025-06-23 23:21:58'),
(63,32,2,'At any time you can view all photos and videos captured by your guests in your digital album. Go back and save those unforgettable memories!','2025-06-23 23:21:58','2025-06-23 23:21:58'),
(64,32,1,'Në çdo moment mund të shikosh të gjitha fotot dhe videot e kapura nga të ftuarit në albumin tënd digjital. Rikthehu dhe ruaji ato kujtime të paharrueshme!','2025-06-23 23:21:58','2025-06-23 23:21:58'),
(65,33,2,'Every moment is saved in a stunning digital album.','2025-06-23 23:21:58','2025-06-23 23:21:58'),
(66,33,1,'Çdo moment ruhet në një album digjital mahnitës.','2025-06-23 23:21:58','2025-06-23 23:21:58'),
(67,34,2,'Download everything with one click as a zipped folder.','2025-06-23 23:21:58','2025-06-23 23:21:58'),
(68,34,1,'Shkarko gjithçka me një klikim si një dosje të kompresuar (zip).','2025-06-23 23:21:58','2025-06-23 23:21:58'),
(69,35,2,'Everything you need for a perfect event','2025-06-23 23:21:58','2025-06-23 23:21:58'),
(70,35,1,'Gjithçka që ju duhet për një event perfekt','2025-06-23 23:21:58','2025-06-23 23:21:58'),
(71,36,2,'From digital albums to QR code templates - everything is ready for you.','2025-06-23 23:21:58','2025-06-23 23:21:58'),
(72,36,1,'Nga albumet digjitale deri te modelet e kodeve QR – çdo gjë është e përgatitur për ju.','2025-06-23 23:21:58','2025-06-23 23:21:58'),
(73,37,2,'Digital Album','2025-06-23 23:21:58','2025-06-23 23:21:58'),
(74,37,1,'Album Digjital','2025-06-23 23:21:58','2025-06-23 23:21:58'),
(75,38,2,'All photos and videos are automatically saved in a digital album that you can access at any time.','2025-06-23 23:21:58','2025-06-23 23:21:58'),
(76,38,1,'Të gjitha fotot dhe videot ruhen automatikisht në një album digjital, të cilin mund ta aksesosh në çdo kohë.','2025-06-23 23:21:58','2025-06-23 23:21:58'),
(77,39,2,'One-click download','2025-06-23 23:21:58','2025-06-23 23:21:58'),
(78,39,1,'Shkarkim me një klik','2025-06-23 23:21:58','2025-06-23 23:21:58'),
(79,40,2,'With just one click, you can download all photos to your device or save them directly to the cloud.','2025-06-23 23:21:58','2025-06-23 23:21:58'),
(80,40,1,'Me vetëm një klikim, mund t\'i shkarkosh të gjitha fotot në pajisjen tënde ose t\'i ruash direkt në cloud.','2025-06-23 23:21:58','2025-06-23 23:21:58'),
(81,41,2,'No Apps Required','2025-06-23 23:21:58','2025-06-23 23:21:58'),
(82,41,1,'Pa Nevojë për Aplikacione','2025-06-23 23:21:58','2025-06-23 23:21:58'),
(83,42,2,'Neither you nor your guests need to waste time with downloads to participate.','2025-06-23 23:21:58','2025-06-23 23:21:58'),
(84,42,1,'As ti dhe as të ftuarit nuk keni nevojë të humbni kohë me shkarkime për të marrë pjesë.','2025-06-23 23:21:58','2025-06-23 23:21:58'),
(85,43,2,'Questions?','2025-06-23 23:21:58','2025-06-23 23:21:58'),
(86,43,1,'Pyetje?','2025-06-23 23:21:58','2025-06-23 23:21:58'),
(87,44,2,'Find answers to common questions about our services, therapy and mental well-being.','2025-06-23 23:21:58','2025-06-23 23:21:58'),
(88,44,1,'Gjeni përgjigje për pyetjet e zakonshme në lidhje me shërbimet tona, terapinë dhe mirëqenien mendore.','2025-06-23 23:21:58','2025-06-23 23:21:58'),
(89,45,2,'Do guests need to download any app to participate?','2025-06-23 23:21:58','2025-06-23 23:21:58'),
(90,45,1,'A duhet të shkarkojnë të ftuarit ndonjë aplikacion për të marrë pjesë?','2025-06-23 23:21:58','2025-06-23 23:21:58'),
(91,46,2,'No, no apps or account registration is needed. Unlike other photo sharing apps, EventetSot doesn\'t require such effort from your guests. They can easily participate by entering a URL or scanning the unique QR code we created for you. From there, the upload process is very simple. It\'s so easy to use that even grandma can do it. No kidding.','2025-06-23 23:21:58','2025-06-23 23:21:58'),
(92,46,1,'Jo, nuk ka nevojë për aplikacione apo regjistrim të llogarisë. Ndryshe nga aplikacionet e tjera për ndarjen e fotove, EventetSot nuk kërkon përpjekje të tilla nga të ftuarit tuaj. Ata mund të marrin pjesë lehtësisht duke futur një URL ose duke skanuar QR kodin unik që krijuam për ju. Nga aty, procesi i ngarkimit është shumë i thjeshtë. Është aq e lehtë për t\'u përdorur, sa edhe gjyshja mund ta bëjë. Pa shaka.','2025-06-23 23:21:58','2025-06-23 23:21:58'),
(93,47,2,'Can I download all guest photos and videos?','2025-06-23 23:21:58','2025-06-23 23:21:58'),
(94,47,1,'A mund t\'i shkarkoj të gjitha fotot dhe videot e të ftuarve?','2025-06-23 23:21:58','2025-06-23 23:21:58'),
(95,48,2,'Yes! You can download each photo or video individually, or use bulk download to get all files in a zipped folder. Then, you\'re free to save them wherever you want, print them or use them as you wish. Guests can also easily download and share them on social networks (unless you disable this option).','2025-06-23 23:21:58','2025-06-23 23:21:58'),
(96,48,1,'Po! Mund të shkarkosh çdo foto apo video individualisht, ose të përdorësh shkarkimin në grup për të marrë të gjitha skedarët në një dosje të kompresuar (ZIP). Pastaj, je i lirë t\'i ruash ku të duash, t\'i printosh apo t\'i përdorësh sipas dëshirës. Edhe të ftuarit mund t\'i shkarkojnë dhe t\'i ndajnë në rrjete sociale me lehtësi (përveç nëse e çaktivizon këtë mundësi).','2025-06-23 23:21:58','2025-06-23 23:21:58'),
(97,49,2,'Why is it better than other photo sharing apps?','2025-06-23 23:21:58','2025-06-23 23:21:58'),
(98,49,1,'Pse është më mirë se aplikacionet e tjera për ndarjen e fotove?','2025-06-23 23:21:58','2025-06-23 23:21:58'),
(99,50,2,'Google Photos, Dropbox, chat groups, emails (or similar apps) can be used to collect photos from events - no doubt. But the upload process there is often complicated. There are many steps, buttons, sometimes login or app download is required. Moreover, customization options are limited and photo quality is reduced. Overall, it\'s not the best experience for you and your guests. That\'s exactly why we created EventetSot - to simplify the process of collecting photos and videos from guests at events. We made it easy and fun, with features like live slideshow, QR code login and decorated text posts, to name a few. While these other apps might work, they can result in a slow experience with fewer photos. If you like that, no problem. But if you want the best experience for yourself and your guests, try EventetSot.','2025-06-23 23:21:58','2025-06-23 23:21:58'),
(100,50,1,'Google Photos, Dropbox, grupet në chat, email-et (apo aplikacione të ngjashme) mund të përdoren për të mbledhur foto nga eventi – nuk ka dyshim. Por procesi i ngarkimit atje shpesh është i ndërlikuar. Ka shumë hapa, butona, ndonjëherë kërkohet hyrje ose shkarkim aplikacioni. Për më tepër, mundësitë e personalizimit janë të kufizuara dhe cilësia e fotove ulet. Në përgjithësi, nuk është përvoja më e mirë për ty dhe për të ftuarit. Pikërisht për këtë arsye krijuam EventetSot – për ta thjeshtuar procesin e mbledhjes së fotove dhe videove nga të ftuarit në evente. E bëmë të lehtë dhe argëtuese, me veçori si slideshow live, hyrje përmes QR kodi dhe postime të zbukuruara me tekst, për të përmendur vetëm disa. Ndërkohë që këto aplikacione të tjera mund të funksionojnë, ato mund të rezultojnë në një përvojë të ngadaltë dhe më pak foto. Nëse të pëlqen kjo, pa problem. Por nëse dëshiron përvojën më të mirë për veten dhe të ftuarit, provo EventetSot.','2025-06-23 23:21:58','2025-06-23 23:21:58'),
(101,51,2,'Can I print the QR code on signs or boards?','2025-06-23 23:21:58','2025-06-23 23:21:58'),
(102,51,1,'A mund ta printoj QR kodin në tabela ose shenja?','2025-06-23 23:21:58','2025-06-23 23:21:58'),
(103,52,2,'Yes! Many event organizers do this. Print the QR code and place it on tables or at the entrance with a sign like \"Scan here!\". Guests can scan the code and upload photos to your digital album easily.','2025-06-23 23:21:58','2025-06-23 23:21:58'),
(104,52,1,'Po! Shumë organizatorë eventesh e bëjnë këtë. Printoni QR kodin dhe vendoseni në tavolina ose në hyrje me një shenjë si \"Skanoni këtu!\". Të ftuarit mund ta skanojnë kodin dhe të ngarkojnë fotot në albumin tuaj digjital me lehtësi.','2025-06-23 23:21:58','2025-06-23 23:21:58'),
(105,53,2,'My event lasts more than one day, can I use EventetSot?','2025-06-23 23:21:58','2025-06-23 23:21:58'),
(106,53,1,'Eventi im zgjat më shumë se një ditë, a mund ta përdor EventetSot?','2025-06-23 23:21:58','2025-06-23 23:21:58'),
(107,54,2,'Yes! We support events that last several days. Check our plans and choose the one that matches your event duration. The Photo Wall is a live slideshow that displays all uploads from guests - photos, videos and text posts. It updates in real time with each new upload. It\'s not mandatory for photo collection, but if you want more interactivity at your event, we highly recommend it! It can be accessed via a link, meaning it can be displayed on any device with a browser and internet connection. You can connect it to projectors, smart TVs, tablets etc. via cables or with devices like Chromecast or Apple TV.','2025-06-23 23:21:58','2025-06-23 23:21:58'),
(108,54,1,'Po! Mbështesim evente që zgjasin disa ditë. Shikoni planet tona dhe zgjidhni atë që përputhet me kohëzgjatjen e eventit tuaj. Muri i Fotove është një slideshow i drejtpërdrejtë që shfaq të gjitha ngarkimet nga të ftuarit – foto, video dhe postime me tekst. Ai përditësohet në kohë reale me çdo ngarkim të ri. Nuk është i detyrueshëm për mbledhjen e fotove, por nëse doni më shumë interaktivitet në event, e rekomandojmë shumë! Mund të aksesohet përmes një linku, që do të thotë se mund të shfaqet në çdo pajisje me shfletues dhe lidhje interneti. Mund ta lidhni me projektorë, TV të zgjuar, tableta etj. përmes kabllove ose me pajisje si Chromecast apo Apple TV.','2025-06-23 23:21:58','2025-06-23 23:21:58'),
(109,55,2,'Are my photos private?','2025-06-23 23:21:58','2025-06-23 23:21:58'),
(110,55,1,'A janë private fotot e mia?','2025-06-23 23:21:58','2025-06-23 23:21:58'),
(111,56,2,'Yes, your uploads are private and shared only with people you choose. We don\'t use, own or interact with your photos in any way. They\'re yours alone.','2025-06-23 23:21:58','2025-06-23 23:21:58'),
(112,56,1,'Po, ngarkimet tuaja janë private dhe ndahen vetëm me personat që ju zgjidhni. Ne nuk i përdorim, nuk i posedojmë dhe nuk ndërveprojmë me fotot tuaja në asnjë mënyrë. Janë vetëm tuajat.','2025-06-23 23:21:58','2025-06-23 23:21:58'),
(113,57,2,'We already have a photographer, should we still use it?','2025-06-23 23:21:58','2025-06-23 23:21:58'),
(114,57,1,'Ne tashmë kemi fotograf, a duhet ta përdorim gjithsesi?','2025-06-23 23:21:58','2025-06-23 23:21:58'),
(115,58,2,'Your photographer will certainly capture wonderful moments, but it\'s impossible for them to be everywhere. Guests can also capture precious moments that show the more authentic side of the event. Moreover, the photographer can upload the photos they take during the event, which will appear on the Photo Wall/digital album. How beautiful is that? While EventetSot doesn\'t replace a professional photographer, many couples have used it as a more affordable alternative.','2025-06-23 23:21:58','2025-06-23 23:21:58'),
(116,58,1,'Fotografi juaj sigurisht që do të kapë momente të mrekullueshme, por është e pamundur të jetë kudo. Të ftuarit mund të kapin gjithashtu momente të çmuara që tregojnë anën më autentike të eventit. Për më tepër, fotografi mund të ngarkojë fotot që merr gjatë eventit, të cilat do të shfaqen në Muri i Fotove / albumin digjital. Sa bukur është kjo? Edhe pse EventetSot nuk zëvendëson një fotograf profesionist, shumë çifte e kanë përdorur si një alternativë më të përballueshme.','2025-06-23 23:21:58','2025-06-23 23:21:58'),
(117,59,2,'What if someone shares an inappropriate photo?','2025-06-23 23:21:58','2025-06-23 23:21:58'),
(118,59,1,'Po nëse dikush ndan një foto të papërshtatshme?','2025-06-23 23:21:58','2025-06-23 23:21:58'),
(119,60,2,'Our system automatically detects most inappropriate photos. Also, you can manually delete any photo or video from your panel that can be accessed from any device with your account. From our experience (over 50,000 events), guests behave respectfully. However, if you\'re organizing a large public event (like a conference) and are concerned about inappropriate behavior, you can enable the moderation feature, where every upload needs to be approved by you (except those from trusted people).','2025-06-23 23:21:58','2025-06-23 23:21:58'),
(120,60,1,'Sistemi ynë zbulon automatikisht shumicën e fotove të papërshtatshme. Gjithashtu, ju mund të fshini çdo foto apo video manualisht nga paneli juaj që mund të aksesohet nga çdo pajisje me llogarinë tuaj. Nga përvoja jonë (mbi 50,000 evente), të ftuarit sillen me respekt. Megjithatë, nëse po organizoni një event publik të madh (si konferencë) dhe shqetësoheni për sjellje të papërshtatshme, mund të aktivizoni funksionin e moderimit, ku çdo ngarkim duhet të miratohet nga ju (përveç atyre nga njerëz të besuar).','2025-06-23 23:21:58','2025-06-23 23:21:58'),
(121,61,2,'Does this work everywhere in the world?','2025-06-23 23:21:58','2025-06-23 23:21:58'),
(122,61,1,'A funksionon kjo kudo në botë?','2025-06-23 23:21:58','2025-06-23 23:21:58'),
(123,62,2,'Yes, our platform works globally. Guests only need an internet connection.','2025-06-23 23:21:58','2025-06-23 23:21:58'),
(124,62,1,'Po, platforma jonë funksionon globalisht. Të ftuarit kanë nevojë vetëm për lidhje interneti.','2025-06-23 23:21:58','2025-06-23 23:21:58'),
(125,63,2,'Try This Yourself','2025-06-23 23:21:58','2025-06-23 23:21:58'),
(126,63,1,'Provoni Vetë','2025-06-23 23:21:58','2025-06-23 23:21:58'),
(127,64,2,'Here, you can get a glimpse of how we works and what the guest experience would be like.','2025-06-23 23:21:58','2025-06-23 23:21:58'),
(128,64,1,'Këtu, mund të shihni se si funksionon dhe si do të jetë përvoja e të ftuarve.','2025-06-23 23:21:58','2025-06-23 23:21:58'),
(129,65,2,'Scan the QR code or enter the Link to open the digital album.','2025-06-23 23:21:58','2025-06-23 23:21:58'),
(130,65,1,'Skanoni QR kodin ose vendosni Linkun për të hapur albumin digjital.','2025-06-23 23:21:58','2025-06-23 23:21:58'),
(131,66,2,'Upload a Post/Photo/Video and view it on the digital album and photo wall in real-time.','2025-06-23 23:21:58','2025-06-23 23:21:58'),
(132,66,1,'Ngarkoni një Postim/Foto/Video dhe shikojeni në albumin digjital dhe murin e fotove në kohë reale.','2025-06-23 23:21:58','2025-06-23 23:21:58'),
(133,67,2,'Scan with your phone\'s camera','2025-06-23 23:21:58','2025-06-23 23:21:58'),
(134,67,1,'Skanoni me kamerën e telefonit tuaj','2025-06-23 23:21:58','2025-06-23 23:21:58'),
(135,68,2,'Pricing','2025-06-23 23:21:58','2025-06-23 23:21:58'),
(136,68,1,'Çmimet','2025-06-23 23:21:58','2025-06-23 23:21:58'),
(137,69,2,'Choose the plan that best fits your event.','2025-06-23 23:21:58','2025-06-23 23:21:58'),
(138,69,1,'Zgjidhni planin që i përshtatet më së miri ngjarjes suaj.','2025-06-23 23:21:58','2025-06-23 23:21:58'),
(139,70,2,'Excellent for birthdays, family gatherings and other small events.','2025-06-23 23:21:58','2025-06-23 23:21:58'),
(140,70,1,'E shkëlqyeshme për ditëlindje, mbledhje familjare dhe ngjarje apo raste të tjera të vogla.','2025-06-23 23:21:58','2025-06-23 23:21:58'),
(141,71,2,'Up to 20 photo and video uploads','2025-06-23 23:21:58','2025-06-23 23:21:58'),
(142,71,1,'Deri në 20 ngarkime fotosh dhe videosh','2025-06-23 23:21:58','2025-06-23 23:21:58'),
(143,72,2,'Unlimited guests and participants','2025-06-23 23:21:58','2025-06-23 23:21:58'),
(144,72,1,'Të ftuar dhe pjesëmarrës të pakufizuar','2025-06-23 23:21:58','2025-06-23 23:21:58'),
(145,73,2,'Uploads stored for 7 days','2025-06-23 23:21:58','2025-06-23 23:21:58'),
(146,73,1,'Ngarkimet ruhen për 7 ditë','2025-06-23 23:21:58','2025-06-23 23:21:58'),
(147,74,2,'Basic customization options','2025-06-23 23:21:58','2025-06-23 23:21:58'),
(148,74,1,'Opsione bazë për personalizim','2025-06-23 23:21:58','2025-06-23 23:21:58'),
(149,75,2,'Active for 3 hours from event date','2025-06-23 23:21:58','2025-06-23 23:21:58'),
(150,75,1,'Aktive për 3 orë nga data e eventit','2025-06-23 23:21:58','2025-06-23 23:21:58'),
(151,76,2,'All uploads stored in good quality','2025-06-23 23:21:58','2025-06-23 23:21:58'),
(152,76,1,'Të gjitha ngarkimet ruhen në cilësi të mirë','2025-06-23 23:21:58','2025-06-23 23:21:58'),
(153,77,2,'Ideal for large weddings, conferences, concerts, parties and public events.','2025-06-23 23:21:58','2025-06-23 23:21:58'),
(154,77,1,'Ideale për dasma të mëdha, konferenca, koncerte, festa dhe eventet publike.','2025-06-23 23:21:58','2025-06-23 23:21:58'),
(155,78,2,'Unlimited photo and video uploads','2025-06-23 23:21:58','2025-06-23 23:21:58'),
(156,78,1,'Ngarkime të pakufizuara të fotove dhe videove','2025-06-23 23:21:58','2025-06-23 23:21:58'),
(157,79,2,'Unlimited guests and participants','2025-06-23 23:21:58','2025-06-23 23:21:58'),
(158,79,1,'Të ftuar dhe pjesëmarrës të pakufizuar','2025-06-23 23:21:58','2025-06-23 23:21:58'),
(159,80,2,'Uploads stored for 6 months','2025-06-23 23:21:58','2025-06-23 23:21:58'),
(160,80,1,'Ngarkimet ruhën për 6 muaj','2025-06-23 23:21:58','2025-06-23 23:21:58'),
(161,81,2,'Advanced customization options','2025-06-23 23:21:58','2025-06-23 23:21:58'),
(162,81,1,'Opsione të avancuara për personalizim','2025-06-23 23:21:58','2025-06-23 23:21:58'),
(163,82,2,'Active for 30 days from event date','2025-06-23 23:21:58','2025-06-23 23:21:58'),
(164,82,1,'Aktive për 30 ditë nga data e eventit','2025-06-23 23:21:58','2025-06-23 23:21:58'),
(165,83,2,'All uploads stored in high quality','2025-06-23 23:21:58','2025-06-23 23:21:58'),
(166,83,1,'Të gjitha ngarkimet ruhën në cilësi të lartë','2025-06-23 23:21:58','2025-06-23 23:21:58'),
(167,84,2,'Download all photos and videos instantly','2025-06-23 23:21:59','2025-06-23 23:21:59'),
(168,84,1,'Shkarkoni të gjitha fotot dhe videot menjëherë','2025-06-23 23:21:59','2025-06-23 23:21:59'),
(169,85,2,'Create Your Event','2025-06-23 23:21:59','2025-06-23 23:21:59'),
(170,85,1,'Krijoni Eventin Tuaj','2025-06-23 23:21:59','2025-06-23 23:21:59'),
(171,86,2,'Prices are in euros. All our plans are subject to our terms of use and fair use policy.','2025-06-23 23:21:59','2025-06-23 23:21:59'),
(172,86,1,'Çmimet janë në euro. Të gjitha planet tona i nënshtrohen kushteve tona të përdorimit dhe politikës së përdorimit të drejtë.','2025-06-23 23:21:59','2025-06-23 23:21:59'),
(173,87,2,'Complaints or Suggestions','2025-06-23 23:21:59','2025-06-23 23:21:59'),
(174,87,1,'Ankesa apo Sygjerime','2025-06-23 23:21:59','2025-06-23 23:21:59'),
(175,88,2,'Full Name:','2025-06-23 23:21:59','2025-06-23 23:21:59'),
(176,88,1,'Emri Mbiemri:','2025-06-23 23:21:59','2025-06-23 23:21:59'),
(177,89,2,'Full Name','2025-06-23 23:21:59','2025-06-23 23:21:59'),
(178,89,1,'Emri Mbiemri','2025-06-23 23:21:59','2025-06-23 23:21:59'),
(179,90,2,'Email:','2025-06-23 23:21:59','2025-06-23 23:21:59'),
(180,90,1,'Email:','2025-06-23 23:21:59','2025-06-23 23:21:59'),
(181,91,2,'Email','2025-06-23 23:21:59','2025-06-23 23:21:59'),
(182,91,1,'Email','2025-06-23 23:21:59','2025-06-23 23:21:59'),
(183,92,2,'Contact Number:','2025-06-23 23:21:59','2025-06-23 23:21:59'),
(184,92,1,'Numri i Kontaktit:','2025-06-23 23:21:59','2025-06-23 23:21:59'),
(185,93,2,'Contact Number','2025-06-23 23:21:59','2025-06-23 23:21:59'),
(186,93,1,'Numri i Kontaktit','2025-06-23 23:21:59','2025-06-23 23:21:59'),
(187,94,2,'Complaint or Suggestion:','2025-06-23 23:21:59','2025-06-23 23:21:59'),
(188,94,1,'Ankesa apo Sygjerimi:','2025-06-23 23:21:59','2025-06-23 23:21:59'),
(189,95,2,'Complaint or Suggestion','2025-06-23 23:21:59','2025-06-23 23:21:59'),
(190,95,1,'Ankesa apo Sygjerimi','2025-06-23 23:21:59','2025-06-23 23:21:59'),
(191,96,2,'Send','2025-06-23 23:21:59','2025-06-23 23:21:59'),
(192,96,1,'Dërgo','2025-06-23 23:21:59','2025-06-23 23:21:59'),
(193,97,2,'About Us','2025-06-23 23:21:59','2025-06-23 23:21:59'),
(194,97,1,'Rreth Nesh','2025-06-23 23:21:59','2025-06-23 23:21:59'),
(195,98,2,'eventetsot is a modern platform created to give every event a unique and unforgettable digital experience. We enable you to collect, share and preserve the most beautiful memories from weddings, parties or any type of event - in a simple, creative way without additional apps.','2025-06-23 23:21:59','2025-06-23 23:21:59'),
(196,98,1,'eventetsot. është një platformë moderne e krijuar për t\'i dhënë çdo eventeve një përvojë digjitale unike dhe të paharrueshme. Ne ju mundësojmë që të mblidhni, ndani dhe ruani kujtimet më të bukura nga dasmat, festat apo çdo lloj eventi – në një mënyrë të thjeshtë, kreative dhe pa aplikacione shtesë.','2025-06-23 23:21:59','2025-06-23 23:21:59'),
(197,99,2,'Through a unique QR code or personalized link, your guests can upload photos, videos or messages directly to the digital album.','2025-06-23 23:21:59','2025-06-23 23:21:59'),
(198,99,1,'Me anë të një QR kodi unik ose një linku të personalizuar, të ftuarit tuaj mund të ngarkojnë foto, video apo mesazhe drejtpërdrejt në albumin digjital.','2025-06-23 23:21:59','2025-06-23 23:21:59'),
(199,100,2,'Our mission is to bring technology closer to emotions - making every important moment easy to preserve and share.','2025-06-23 23:21:59','2025-06-23 23:21:59'),
(200,100,1,'Misioni ynë është të sjellim teknologjinë më afër emocioneve – duke e bërë çdo moment të rëndësishëm të ruhet dhe të shpërndahet me lehtësi.','2025-06-23 23:21:59','2025-06-23 23:21:59'),
(201,101,2,'Home','2025-06-23 23:21:59','2025-06-23 23:21:59'),
(202,101,1,'Ballina','2025-06-23 23:21:59','2025-06-23 23:21:59'),
(203,102,2,'Pricing','2025-06-23 23:21:59','2025-06-23 23:21:59'),
(204,102,1,'Abonimi','2025-06-23 23:21:59','2025-06-23 23:21:59'),
(205,103,2,'Login','2025-06-23 23:21:59','2025-06-23 23:21:59'),
(206,103,1,'Kyçu','2025-06-23 23:21:59','2025-06-23 23:21:59'),
(207,104,2,'Get Started','2025-06-23 23:21:59','2025-06-23 23:21:59'),
(208,104,1,'Filloni','2025-06-23 23:21:59','2025-06-23 23:21:59'),
(209,105,2,'CLIENT CENTER','2025-06-23 23:21:59','2025-06-23 23:21:59'),
(210,105,1,'QENDRA E KLIENTIT','2025-06-23 23:21:59','2025-06-23 23:21:59'),
(211,106,2,'Frequently Asked Questions','2025-06-23 23:21:59','2025-06-23 23:21:59'),
(212,106,1,'Pyetjet më të shpeshta','2025-06-23 23:21:59','2025-06-23 23:21:59'),
(213,107,2,'Complaints and Suggestions','2025-06-23 23:21:59','2025-06-23 23:21:59'),
(214,107,1,'Ankesa dhe Sygjerime','2025-06-23 23:21:59','2025-06-23 23:21:59'),
(215,108,2,'About Us','2025-06-23 23:21:59','2025-06-23 23:21:59'),
(216,108,1,'Rreth Nesh','2025-06-23 23:21:59','2025-06-23 23:21:59'),
(217,109,2,'Social Networks','2025-06-23 23:21:59','2025-06-23 23:21:59'),
(218,109,1,'Rrjetet Sociale','2025-06-23 23:21:59','2025-06-23 23:21:59'),
(219,110,2,'© 2025 eventetsot.com','2025-06-23 23:21:59','2025-06-23 23:21:59'),
(220,110,1,'© 2025 eventetsot.com','2025-06-23 23:21:59','2025-06-23 23:21:59'),
(221,111,2,'Contact','2025-06-23 23:21:59','2025-06-23 23:21:59'),
(222,111,1,'Kontakto','2025-06-23 23:21:59','2025-06-23 23:21:59'),
(223,112,2,'Add Album','2025-06-23 23:21:59','2025-06-23 23:21:59'),
(224,112,1,'Shtoni në Album','2025-06-23 23:21:59','2025-06-27 22:31:21'),
(225,113,2,'photos, videos and posts','2025-06-23 23:21:59','2025-06-23 23:21:59'),
(226,113,1,'Fotografitë, videot dhe postimet','2025-06-23 23:21:59','2025-06-23 23:21:59'),
(227,114,2,'Your browser does not support the video tag.','2025-06-23 23:21:59','2025-06-23 23:21:59'),
(228,114,1,'Shfletuesi juaj nuk mbështet tagun e videos.','2025-06-23 23:21:59','2025-06-23 23:21:59'),
(229,115,2,'Back to Album','2025-06-23 23:21:59','2025-06-23 23:21:59'),
(230,115,1,'Kthehu te Albumi','2025-06-23 23:21:59','2025-06-23 23:21:59'),
(231,116,2,'Select Photos and Videos','2025-06-23 23:21:59','2025-06-23 23:21:59'),
(232,116,1,'Zgjidh Fotografitë dhe videot','2025-06-23 23:21:59','2025-06-23 23:21:59'),
(233,117,2,'Or add a','2025-06-23 23:21:59','2025-06-23 23:21:59'),
(234,117,1,'Ose shtoni një','2025-06-23 23:21:59','2025-06-23 23:21:59'),
(235,118,2,'text post','2025-06-23 23:21:59','2025-06-23 23:21:59'),
(236,118,1,'postim tekstual','2025-06-23 23:21:59','2025-06-23 23:21:59'),
(237,119,2,'Add More','2025-06-23 23:21:59','2025-06-23 23:21:59'),
(238,119,1,'Shto Më Shumë','2025-06-23 23:21:59','2025-06-23 23:21:59'),
(239,120,2,'Upload Item(s)','2025-06-23 23:21:59','2025-06-23 23:21:59'),
(240,120,1,'Ngarko','2025-06-23 23:21:59','2025-06-24 20:18:50'),
(241,121,2,'Create Text Post','2025-06-23 23:21:59','2025-06-23 23:21:59'),
(242,121,1,'Krijo Postim Tekstual','2025-06-23 23:21:59','2025-06-23 23:21:59'),
(243,122,2,'What\'s on your mind?','2025-06-23 23:21:59','2025-06-23 23:21:59'),
(244,122,1,'Çfarë po mendoni?','2025-06-23 23:21:59','2025-06-23 23:21:59'),
(245,123,2,'Add Post','2025-06-23 23:21:59','2025-06-23 23:21:59'),
(246,123,1,'Shto Postimin','2025-06-23 23:21:59','2025-06-23 23:21:59'),
(247,124,2,'Cancel','2025-06-23 23:21:59','2025-06-23 23:21:59'),
(248,124,1,'Anulo','2025-06-23 23:21:59','2025-06-23 23:21:59'),
(249,125,2,'Add Caption','2025-06-23 23:21:59','2025-06-23 23:21:59'),
(250,125,1,'Shto Përshkrim','2025-06-23 23:21:59','2025-06-23 23:21:59'),
(251,126,2,'Write a caption for this photo here','2025-06-23 23:21:59','2025-06-23 23:21:59'),
(252,126,1,'Shkruani një përshkrim për këtë foto këtu','2025-06-23 23:21:59','2025-06-23 23:21:59'),
(253,127,2,'Name','2025-06-23 23:21:59','2025-06-23 23:21:59'),
(254,127,1,'Emri','2025-06-23 23:21:59','2025-06-23 23:21:59'),
(255,128,2,'Save Caption','2025-06-23 23:21:59','2025-06-23 23:21:59'),
(256,128,1,'Ruaj Përshkrimin','2025-06-23 23:21:59','2025-06-23 23:21:59'),
(257,129,2,'Add Caption','2025-06-23 23:21:59','2025-06-23 23:21:59'),
(258,129,1,'Shto Përshkrim','2025-06-23 23:21:59','2025-06-23 23:21:59'),
(259,130,2,'Caption Added','2025-06-23 23:21:59','2025-06-23 23:21:59'),
(260,130,1,'Përshkrim i Shtuar','2025-06-23 23:21:59','2025-06-23 23:21:59'),
(261,131,2,'Add Photos','2025-06-23 23:21:59','2025-06-23 23:21:59'),
(262,131,1,'Shto Foto','2025-06-23 23:21:59','2025-06-23 23:21:59'),
(263,132,2,'Upload :count Item|Upload :count Items','2025-06-23 23:21:59','2025-06-23 23:21:59'),
(264,132,1,'Ngarko :count Artikull|Ngarko :count Artikuj','2025-06-23 23:21:59','2025-06-23 23:21:59'),
(265,133,2,'Caption','2025-06-23 23:21:59','2025-06-23 23:21:59'),
(266,133,1,'Përshkrim','2025-06-23 23:21:59','2025-06-23 23:21:59'),
(267,134,2,'Name','2025-06-23 23:21:59','2025-06-23 23:21:59'),
(268,134,1,'Emri','2025-06-23 23:21:59','2025-06-23 23:21:59'),
(269,135,2,'Please share your photos and videos with us for this special day!','2025-06-23 23:21:59','2025-06-23 23:21:59'),
(270,135,1,'Ju lutemi ndani fotot dhe videot tuaja me ne për këtë ditë të veçantë!','2025-06-23 23:21:59','2025-06-23 23:21:59'),
(271,136,2,'Enter Your Name Here','2025-06-23 23:21:59','2025-06-23 23:21:59'),
(272,136,1,'Shkruani Emrin Këtu/Enter your Name','2025-06-23 23:21:59','2025-07-02 13:01:53'),
(273,137,2,'Continue','2025-06-23 23:21:59','2025-06-23 23:21:59'),
(274,137,1,'Vazhdo','2025-06-23 23:21:59','2025-06-23 23:21:59'),
(275,138,2,'Welcome to eventetsot.','2025-06-23 23:21:59','2025-06-27 22:57:42'),
(276,138,1,'Mirë se vini në eventetsot.','2025-06-23 23:21:59','2025-06-27 22:57:42'),
(277,139,2,'Easily gather every guest\'s photos and videos into a shareable live slideshow','2025-06-23 23:21:59','2025-06-23 23:21:59'),
(278,139,1,'Mblidhni lehtësisht fotot dhe videot e çdo mysafiri në një slideshow të drejtpërdrejtë të ndashëm','2025-06-23 23:21:59','2025-06-23 23:21:59'),
(279,140,2,'Login','2025-06-23 23:21:59','2025-06-23 23:21:59'),
(280,140,1,'Kyçu','2025-06-23 23:21:59','2025-06-24 20:16:43'),
(281,141,2,'Sign Up','2025-06-23 23:21:59','2025-06-23 23:21:59'),
(282,141,1,'Regjistrohu','2025-06-23 23:21:59','2025-06-24 20:16:57'),
(283,142,2,'Email','2025-06-23 23:21:59','2025-06-23 23:21:59'),
(284,142,1,'Email','2025-06-23 23:21:59','2025-06-23 23:21:59'),
(285,143,2,'Password','2025-06-23 23:21:59','2025-06-23 23:21:59'),
(286,143,1,'Fjalëkalimi','2025-06-23 23:21:59','2025-06-24 20:17:22'),
(287,144,2,'Forgot your password?','2025-06-23 23:21:59','2025-06-23 23:21:59'),
(288,144,1,'Harrove fjalëkalimin?','2025-06-23 23:21:59','2025-06-24 20:17:31'),
(289,145,2,'Login','2025-06-23 23:21:59','2025-06-23 23:21:59'),
(290,145,1,'Hyr','2025-06-23 23:21:59','2025-06-23 23:21:59'),
(291,146,2,'Name','2025-06-23 23:21:59','2025-06-23 23:21:59'),
(292,146,1,'Emri','2025-06-23 23:21:59','2025-06-23 23:21:59'),
(293,147,2,'Enter Name','2025-06-23 23:21:59','2025-06-23 23:21:59'),
(294,147,1,'Shkruaj Emrin','2025-06-23 23:21:59','2025-06-23 23:21:59'),
(295,148,2,'Enter Email','2025-06-23 23:21:59','2025-06-23 23:21:59'),
(296,148,1,'Shkruaj Email','2025-06-23 23:21:59','2025-06-23 23:21:59'),
(297,149,2,'Enter Password','2025-06-23 23:21:59','2025-06-23 23:21:59'),
(298,149,1,'Shkruaj Fjalëkalimin','2025-06-23 23:21:59','2025-06-24 20:17:37'),
(299,150,2,'Confirm Password','2025-06-23 23:21:59','2025-06-23 23:21:59'),
(300,150,1,'Konfirmo Fjalëkalimin','2025-06-23 23:21:59','2025-06-24 20:17:45'),
(301,151,2,'Create Account','2025-06-23 23:21:59','2025-06-23 23:21:59'),
(302,151,1,'Krijo Llogarinë','2025-06-23 23:21:59','2025-06-23 23:21:59'),
(303,152,2,'Verify Your Email Address','2025-06-23 23:21:59','2025-06-23 23:21:59'),
(304,152,1,'Verifiko Adresën tuaj të Emailit','2025-06-23 23:21:59','2025-06-23 23:21:59'),
(305,153,2,'A fresh verification link has been sent to your email address.','2025-06-23 23:21:59','2025-06-23 23:21:59'),
(306,153,1,'Një lidhje e re verifikimi është dërguar në adresën tuaj të emailit.','2025-06-23 23:21:59','2025-06-23 23:21:59'),
(307,154,2,'Before proceeding, please check your email for a verification link.','2025-06-23 23:21:59','2025-06-23 23:21:59'),
(308,154,1,'Para se të vazhdoni, ju lutemi kontrolloni emailin tuaj për një lidhje verifikimi.','2025-06-23 23:21:59','2025-06-23 23:21:59'),
(309,155,2,'If you did not receive the email','2025-06-23 23:21:59','2025-06-23 23:21:59'),
(310,155,1,'Nëse nuk keni marrë emailin','2025-06-23 23:21:59','2025-06-23 23:21:59'),
(311,156,2,'Click here to request another','2025-06-23 23:21:59','2025-06-23 23:21:59'),
(312,156,1,'Kliko këtu për të kërkuar një tjetër','2025-06-23 23:21:59','2025-06-23 23:21:59'),
(313,157,2,'Password','2025-06-23 23:21:59','2025-06-23 23:21:59'),
(314,157,1,'Fjalëkalimi','2025-06-23 23:21:59','2025-06-24 20:17:52'),
(315,158,2,'Confirm Password','2025-06-23 23:21:59','2025-06-23 23:21:59'),
(316,158,1,'Konfirmo Fjalëkalimin','2025-06-23 23:21:59','2025-06-24 20:17:58'),
(317,159,2,'Don\'t Have account','2025-06-23 23:21:59','2025-06-23 23:21:59'),
(318,159,1,'Nuk keni llogari','2025-06-23 23:21:59','2025-06-23 23:21:59'),
(319,160,2,'Sign Up','2025-06-23 23:21:59','2025-06-23 23:21:59'),
(320,160,1,'Regjistrohu','2025-06-23 23:21:59','2025-06-23 23:21:59'),
(321,161,2,'Email','2025-06-23 23:21:59','2025-06-23 23:21:59'),
(322,161,1,'Email','2025-06-23 23:21:59','2025-06-23 23:21:59'),
(323,162,2,'Reset Instructions','2025-06-23 23:21:59','2025-06-23 23:21:59'),
(324,162,1,'Udhëzime për Rikthim','2025-06-23 23:21:59','2025-06-23 23:21:59'),
(325,163,2,'Confirm Password','2025-06-23 23:21:59','2025-06-23 23:21:59'),
(326,163,1,'Konfirmo Fjalëkalimin','2025-06-23 23:21:59','2025-06-24 20:18:06'),
(327,164,2,'Reset Password','2025-06-23 23:21:59','2025-06-23 23:21:59'),
(328,164,1,'Rikthe Fjalëkalimin','2025-06-23 23:21:59','2025-06-24 20:18:15');
/*!40000 ALTER TABLE `translation_items` ENABLE KEYS */;
UNLOCK TABLES;

--
-- Table structure for table `translations`
--

DROP TABLE IF EXISTS `translations`;
/*!40101 SET @saved_cs_client     = @@character_set_client */;
/*!40101 SET character_set_client = utf8mb4 */;
CREATE TABLE `translations` (
  `id` bigint(20) unsigned NOT NULL AUTO_INCREMENT,
  `group` varchar(191) NOT NULL,
  `key` varchar(191) NOT NULL,
  `created_at` timestamp NULL DEFAULT NULL,
  `updated_at` timestamp NULL DEFAULT NULL,
  PRIMARY KEY (`id`)
) ENGINE=InnoDB AUTO_INCREMENT=165 DEFAULT CHARSET=utf8mb4 COLLATE=utf8mb4_unicode_ci;
/*!40101 SET character_set_client = @saved_cs_client */;

--
-- Dumping data for table `translations`
--

LOCK TABLES `translations` WRITE;
/*!40000 ALTER TABLE `translations` DISABLE KEYS */;
INSERT INTO `translations` VALUES
(1,'website','home.hero.title_part1','2025-06-23 23:21:58','2025-06-23 23:21:58'),
(2,'website','home.hero.title_part2','2025-06-23 23:21:58','2025-06-23 23:21:58'),
(3,'website','home.hero.title_part3','2025-06-23 23:21:58','2025-06-23 23:21:58'),
(4,'website','home.hero.title_part4','2025-06-23 23:21:58','2025-06-23 23:21:58'),
(5,'website','home.hero.subtitle','2025-06-23 23:21:58','2025-06-23 23:21:58'),
(6,'website','home.hero.cta.primary','2025-06-23 23:21:58','2025-06-23 23:21:58'),
(7,'website','home.hero.cta.secondary','2025-06-23 23:21:58','2025-06-23 23:21:58'),
(8,'website','home.steps.1.title','2025-06-23 23:21:58','2025-06-23 23:21:58'),
(9,'website','home.steps.1.description','2025-06-23 23:21:58','2025-06-23 23:21:58'),
(10,'website','home.steps.2.title','2025-06-23 23:21:58','2025-06-23 23:21:58'),
(11,'website','home.steps.2.description','2025-06-23 23:21:58','2025-06-23 23:21:58'),
(12,'website','home.steps.3.title','2025-06-23 23:21:58','2025-06-23 23:21:58'),
(13,'website','home.steps.3.description','2025-06-23 23:21:58','2025-06-23 23:21:58'),
(14,'website','home.sharing.title','2025-06-23 23:21:58','2025-06-23 23:21:58'),
(15,'website','home.sharing.subtitle','2025-06-23 23:21:58','2025-06-23 23:21:58'),
(16,'website','home.features.1.title','2025-06-23 23:21:58','2025-06-23 23:21:58'),
(17,'website','home.features.1.description','2025-06-23 23:21:58','2025-06-23 23:21:58'),
(18,'website','home.features.2.title','2025-06-23 23:21:58','2025-06-23 23:21:58'),
(19,'website','home.features.2.description','2025-06-23 23:21:58','2025-06-23 23:21:58'),
(20,'website','home.features.3.title','2025-06-23 23:21:58','2025-06-23 23:21:58'),
(21,'website','home.features.3.description','2025-06-23 23:21:58','2025-06-23 23:21:58'),
(22,'website','home.how_it_works.title','2025-06-23 23:21:58','2025-06-23 23:21:58'),
(23,'website','home.how_it_works.subtitle','2025-06-23 23:21:58','2025-06-23 23:21:58'),
(24,'website','home.steps.1.heading','2025-06-23 23:21:58','2025-06-23 23:21:58'),
(25,'website','home.steps.1.description_long','2025-06-23 23:21:58','2025-06-23 23:21:58'),
(26,'website','home.steps.2.heading','2025-06-23 23:21:58','2025-06-23 23:21:58'),
(27,'website','home.steps.2.description_long','2025-06-23 23:21:58','2025-06-23 23:21:58'),
(28,'website','home.steps.2.bullets.1','2025-06-23 23:21:58','2025-06-23 23:21:58'),
(29,'website','home.steps.2.bullets.2','2025-06-23 23:21:58','2025-06-23 23:21:58'),
(30,'website','home.steps.2.bullets.3','2025-06-23 23:21:58','2025-06-23 23:21:58'),
(31,'website','home.steps.3.heading','2025-06-23 23:21:58','2025-06-23 23:21:58'),
(32,'website','home.steps.3.description_long','2025-06-23 23:21:58','2025-06-23 23:21:58'),
(33,'website','home.steps.3.bullets.1','2025-06-23 23:21:58','2025-06-23 23:21:58'),
(34,'website','home.steps.3.bullets.2','2025-06-23 23:21:58','2025-06-23 23:21:58'),
(35,'website','home.features_slider.title','2025-06-23 23:21:58','2025-06-23 23:21:58'),
(36,'website','home.features_slider.subtitle','2025-06-23 23:21:58','2025-06-23 23:21:58'),
(37,'website','home.features_slider.1.title','2025-06-23 23:21:58','2025-06-23 23:21:58'),
(38,'website','home.features_slider.1.description','2025-06-23 23:21:58','2025-06-23 23:21:58'),
(39,'website','home.features_slider.2.title','2025-06-23 23:21:58','2025-06-23 23:21:58'),
(40,'website','home.features_slider.2.description','2025-06-23 23:21:58','2025-06-23 23:21:58'),
(41,'website','home.features_slider.3.title','2025-06-23 23:21:58','2025-06-23 23:21:58'),
(42,'website','home.features_slider.3.description','2025-06-23 23:21:58','2025-06-23 23:21:58'),
(43,'website','home.faq.title','2025-06-23 23:21:58','2025-06-23 23:21:58'),
(44,'website','home.faq.subtitle','2025-06-23 23:21:58','2025-06-23 23:21:58'),
(45,'website','home.faq.1.question','2025-06-23 23:21:58','2025-06-23 23:21:58'),
(46,'website','home.faq.1.answer','2025-06-23 23:21:58','2025-06-23 23:21:58'),
(47,'website','home.faq.2.question','2025-06-23 23:21:58','2025-06-23 23:21:58'),
(48,'website','home.faq.2.answer','2025-06-23 23:21:58','2025-06-23 23:21:58'),
(49,'website','home.faq.3.question','2025-06-23 23:21:58','2025-06-23 23:21:58'),
(50,'website','home.faq.3.answer','2025-06-23 23:21:58','2025-06-23 23:21:58'),
(51,'website','home.faq.4.question','2025-06-23 23:21:58','2025-06-23 23:21:58'),
(52,'website','home.faq.4.answer','2025-06-23 23:21:58','2025-06-23 23:21:58'),
(53,'website','home.faq.5.question','2025-06-23 23:21:58','2025-06-23 23:21:58'),
(54,'website','home.faq.5.answer','2025-06-23 23:21:58','2025-06-23 23:21:58'),
(55,'website','home.faq.6.question','2025-06-23 23:21:58','2025-06-23 23:21:58'),
(56,'website','home.faq.6.answer','2025-06-23 23:21:58','2025-06-23 23:21:58'),
(57,'website','home.faq.7.question','2025-06-23 23:21:58','2025-06-23 23:21:58'),
(58,'website','home.faq.7.answer','2025-06-23 23:21:58','2025-06-23 23:21:58'),
(59,'website','home.faq.8.question','2025-06-23 23:21:58','2025-06-23 23:21:58'),
(60,'website','home.faq.8.answer','2025-06-23 23:21:58','2025-06-23 23:21:58'),
(61,'website','home.faq.9.question','2025-06-23 23:21:58','2025-06-23 23:21:58'),
(62,'website','home.faq.9.answer','2025-06-23 23:21:58','2025-06-23 23:21:58'),
(63,'website','home.demo.title','2025-06-23 23:21:58','2025-06-23 23:21:58'),
(64,'website','home.demo.subtitle','2025-06-23 23:21:58','2025-06-23 23:21:58'),
(65,'website','home.demo.step1','2025-06-23 23:21:58','2025-06-23 23:21:58'),
(66,'website','home.demo.step2','2025-06-23 23:21:58','2025-06-23 23:21:58'),
(67,'website','home.demo.qr_label','2025-06-23 23:21:58','2025-06-23 23:21:58'),
(68,'website','pricing.title','2025-06-23 23:21:58','2025-06-23 23:21:58'),
(69,'website','pricing.subtitle','2025-06-23 23:21:58','2025-06-23 23:21:58'),
(70,'website','pricing.plan1.description','2025-06-23 23:21:58','2025-06-23 23:21:58'),
(71,'website','pricing.plan1.features.1','2025-06-23 23:21:58','2025-06-23 23:21:58'),
(72,'website','pricing.plan1.features.2','2025-06-23 23:21:58','2025-06-23 23:21:58'),
(73,'website','pricing.plan1.features.3','2025-06-23 23:21:58','2025-06-23 23:21:58'),
(74,'website','pricing.plan1.features.4','2025-06-23 23:21:58','2025-06-23 23:21:58'),
(75,'website','pricing.plan1.features.5','2025-06-23 23:21:58','2025-06-23 23:21:58'),
(76,'website','pricing.plan1.features.6','2025-06-23 23:21:58','2025-06-23 23:21:58'),
(77,'website','pricing.plan2.description','2025-06-23 23:21:58','2025-06-23 23:21:58'),
(78,'website','pricing.plan2.features.1','2025-06-23 23:21:58','2025-06-23 23:21:58'),
(79,'website','pricing.plan2.features.2','2025-06-23 23:21:58','2025-06-23 23:21:58'),
(80,'website','pricing.plan2.features.3','2025-06-23 23:21:58','2025-06-23 23:21:58'),
(81,'website','pricing.plan2.features.4','2025-06-23 23:21:58','2025-06-23 23:21:58'),
(82,'website','pricing.plan2.features.5','2025-06-23 23:21:58','2025-06-23 23:21:58'),
(83,'website','pricing.plan2.features.6','2025-06-23 23:21:58','2025-06-23 23:21:58'),
(84,'website','pricing.plan2.features.7','2025-06-23 23:21:58','2025-06-23 23:21:58'),
(85,'website','pricing.cta','2025-06-23 23:21:59','2025-06-23 23:21:59'),
(86,'website','pricing.footer_note','2025-06-23 23:21:59','2025-06-23 23:21:59'),
(87,'website','contact.title','2025-06-23 23:21:59','2025-06-23 23:21:59'),
(88,'website','contact.form.full_name','2025-06-23 23:21:59','2025-06-23 23:21:59'),
(89,'website','contact.form.full_name_placeholder','2025-06-23 23:21:59','2025-06-23 23:21:59'),
(90,'website','contact.form.email','2025-06-23 23:21:59','2025-06-23 23:21:59'),
(91,'website','contact.form.email_placeholder','2025-06-23 23:21:59','2025-06-23 23:21:59'),
(92,'website','contact.form.phone','2025-06-23 23:21:59','2025-06-23 23:21:59'),
(93,'website','contact.form.phone_placeholder','2025-06-23 23:21:59','2025-06-23 23:21:59'),
(94,'website','contact.form.message','2025-06-23 23:21:59','2025-06-23 23:21:59'),
(95,'website','contact.form.message_placeholder','2025-06-23 23:21:59','2025-06-23 23:21:59'),
(96,'website','contact.form.submit','2025-06-23 23:21:59','2025-06-23 23:21:59'),
(97,'website','about.title','2025-06-23 23:21:59','2025-06-23 23:21:59'),
(98,'website','about.paragraph1','2025-06-23 23:21:59','2025-06-23 23:21:59'),
(99,'website','about.paragraph2','2025-06-23 23:21:59','2025-06-23 23:21:59'),
(100,'website','about.paragraph3','2025-06-23 23:21:59','2025-06-23 23:21:59'),
(101,'website','header.home','2025-06-23 23:21:59','2025-06-23 23:21:59'),
(102,'website','header.pricing','2025-06-23 23:21:59','2025-06-23 23:21:59'),
(103,'website','header.login','2025-06-23 23:21:59','2025-06-23 23:21:59'),
(104,'website','header.get_started','2025-06-23 23:21:59','2025-06-23 23:21:59'),
(105,'website','footer.client_center','2025-06-23 23:21:59','2025-06-23 23:21:59'),
(106,'website','footer.faq','2025-06-23 23:21:59','2025-06-23 23:21:59'),
(107,'website','footer.complaints','2025-06-23 23:21:59','2025-06-23 23:21:59'),
(108,'website','footer.about','2025-06-23 23:21:59','2025-06-23 23:21:59'),
(109,'website','footer.social','2025-06-23 23:21:59','2025-06-23 23:21:59'),
(110,'website','footer.copyright','2025-06-23 23:21:59','2025-06-23 23:21:59'),
(111,'website','footer.contact','2025-06-23 23:21:59','2025-06-23 23:21:59'),
(112,'website','event.add_album','2025-06-23 23:21:59','2025-06-23 23:21:59'),
(113,'website','event.media_count','2025-06-23 23:21:59','2025-06-23 23:21:59'),
(114,'website','event.video_unsupported','2025-06-23 23:21:59','2025-06-23 23:21:59'),
(115,'website','upload.back_to_album','2025-06-23 23:21:59','2025-06-23 23:21:59'),
(116,'website','upload.select_files','2025-06-23 23:21:59','2025-06-23 23:21:59'),
(117,'website','upload.or_add_text','2025-06-23 23:21:59','2025-06-23 23:21:59'),
(118,'website','upload.text_post','2025-06-23 23:21:59','2025-06-23 23:21:59'),
(119,'website','upload.add_more','2025-06-23 23:21:59','2025-06-23 23:21:59'),
(120,'website','upload.final_upload','2025-06-23 23:21:59','2025-06-23 23:21:59'),
(121,'website','modal.text_post.title','2025-06-23 23:21:59','2025-06-23 23:21:59'),
(122,'website','modal.text_post.placeholder','2025-06-23 23:21:59','2025-06-23 23:21:59'),
(123,'website','modal.text_post.add_button','2025-06-23 23:21:59','2025-06-23 23:21:59'),
(124,'website','modal.text_post.cancel','2025-06-23 23:21:59','2025-06-23 23:21:59'),
(125,'website','modal.caption.title','2025-06-23 23:21:59','2025-06-23 23:21:59'),
(126,'website','modal.caption.text_placeholder','2025-06-23 23:21:59','2025-06-23 23:21:59'),
(127,'website','modal.caption.name_placeholder','2025-06-23 23:21:59','2025-06-23 23:21:59'),
(128,'website','modal.caption.save_button','2025-06-23 23:21:59','2025-06-23 23:21:59'),
(129,'website','gallery.add_caption','2025-06-23 23:21:59','2025-06-23 23:21:59'),
(130,'website','gallery.caption_added','2025-06-23 23:21:59','2025-06-23 23:21:59'),
(131,'website','gallery.add_photos','2025-06-23 23:21:59','2025-06-23 23:21:59'),
(132,'website','gallery.upload_items','2025-06-23 23:21:59','2025-06-23 23:21:59'),
(133,'website','modal.caption.text_label','2025-06-23 23:21:59','2025-06-23 23:21:59'),
(134,'website','modal.caption.name_label','2025-06-23 23:21:59','2025-06-23 23:21:59'),
(135,'website','event_welcome.default_description','2025-06-23 23:21:59','2025-06-23 23:21:59'),
(136,'website','event_welcome.name_placeholder','2025-06-23 23:21:59','2025-06-23 23:21:59'),
(137,'website','event_welcome.continue_button','2025-06-23 23:21:59','2025-06-23 23:21:59'),
(138,'website','welcome_title','2025-06-23 23:21:59','2025-06-23 23:21:59'),
(139,'website','welcome_subtitle','2025-06-23 23:21:59','2025-06-23 23:21:59'),
(140,'website','login','2025-06-23 23:21:59','2025-06-23 23:21:59'),
(141,'website','register','2025-06-23 23:21:59','2025-06-23 23:21:59'),
(142,'website','email','2025-06-23 23:21:59','2025-06-23 23:21:59'),
(143,'website','password','2025-06-23 23:21:59','2025-06-23 23:21:59'),
(144,'website','forgot_password','2025-06-23 23:21:59','2025-06-23 23:21:59'),
(145,'website','submit_login','2025-06-23 23:21:59','2025-06-23 23:21:59'),
(146,'website','name','2025-06-23 23:21:59','2025-06-23 23:21:59'),
(147,'website','name_placeholder','2025-06-23 23:21:59','2025-06-23 23:21:59'),
(148,'website','email_placeholder','2025-06-23 23:21:59','2025-06-23 23:21:59'),
(149,'website','password_placeholder','2025-06-23 23:21:59','2025-06-23 23:21:59'),
(150,'website','confirm_password','2025-06-23 23:21:59','2025-06-23 23:21:59'),
(151,'website','create_account','2025-06-23 23:21:59','2025-06-23 23:21:59'),
(152,'website','verify_email_title','2025-06-23 23:21:59','2025-06-23 23:21:59'),
(153,'website','fresh_link_sent','2025-06-23 23:21:59','2025-06-23 23:21:59'),
(154,'website','check_email_message','2025-06-23 23:21:59','2025-06-23 23:21:59'),
(155,'website','not_received_email','2025-06-23 23:21:59','2025-06-23 23:21:59'),
(156,'website','request_another_link','2025-06-23 23:21:59','2025-06-23 23:21:59'),
(157,'website','password_label','2025-06-23 23:21:59','2025-06-23 23:21:59'),
(158,'website','confirm_password_button','2025-06-23 23:21:59','2025-06-23 23:21:59'),
(159,'website','dont_have_account','2025-06-23 23:21:59','2025-06-23 23:21:59'),
(160,'website','sign_up','2025-06-23 23:21:59','2025-06-23 23:21:59'),
(161,'website','email_label','2025-06-23 23:21:59','2025-06-23 23:21:59'),
(162,'website','reset_instructions_button','2025-06-23 23:21:59','2025-06-23 23:21:59'),
(163,'website','confirm_password_label','2025-06-23 23:21:59','2025-06-23 23:21:59'),
(164,'website','reset_password_button','2025-06-23 23:21:59','2025-06-23 23:21:59');
/*!40000 ALTER TABLE `translations` ENABLE KEYS */;
UNLOCK TABLES;

--
-- Table structure for table `user_subscriptions`
--

DROP TABLE IF EXISTS `user_subscriptions`;
/*!40101 SET @saved_cs_client     = @@character_set_client */;
/*!40101 SET character_set_client = utf8mb4 */;
CREATE TABLE `user_subscriptions` (
  `id` bigint(20) unsigned NOT NULL AUTO_INCREMENT,
  `user_id` bigint(20) unsigned NOT NULL,
  `subscription_plan_id` bigint(20) unsigned NOT NULL,
  `starts_at` datetime NOT NULL,
  `ends_at` datetime NOT NULL,
  `canceled_at` datetime DEFAULT NULL,
  `is_active` tinyint(1) NOT NULL DEFAULT 1,
  `status` varchar(191) NOT NULL DEFAULT 'pending',
  `auto_renew` tinyint(1) NOT NULL DEFAULT 0,
  `payment_method` varchar(191) DEFAULT NULL,
  `payment_reference` varchar(191) DEFAULT NULL,
  `created_at` timestamp NULL DEFAULT NULL,
  `updated_at` timestamp NULL DEFAULT NULL,
  PRIMARY KEY (`id`),
  KEY `user_subscriptions_subscription_plan_id_foreign` (`subscription_plan_id`),
  KEY `user_subscriptions_user_id_is_active_index` (`user_id`,`is_active`),
  CONSTRAINT `user_subscriptions_subscription_plan_id_foreign` FOREIGN KEY (`subscription_plan_id`) REFERENCES `subscription_plans` (`id`),
  CONSTRAINT `user_subscriptions_user_id_foreign` FOREIGN KEY (`user_id`) REFERENCES `users` (`id`) ON DELETE CASCADE
) ENGINE=InnoDB AUTO_INCREMENT=76 DEFAULT CHARSET=utf8mb4 COLLATE=utf8mb4_unicode_ci;
/*!40101 SET character_set_client = @saved_cs_client */;

--
-- Dumping data for table `user_subscriptions`
--

LOCK TABLES `user_subscriptions` WRITE;
/*!40000 ALTER TABLE `user_subscriptions` DISABLE KEYS */;
INSERT INTO `user_subscriptions` VALUES
(1,1,1,'2025-06-23 23:21:58','2025-06-23 23:21:58','2025-06-30 21:55:03',0,'cancelled',0,'free',NULL,'2025-06-23 23:21:58','2025-06-30 21:55:03'),
(2,2,1,'2025-06-23 23:25:07','2025-06-23 23:25:07','2025-06-23 23:25:30',0,'cancelled',0,'free',NULL,'2025-06-23 23:25:07','2025-06-23 23:25:30'),
(3,2,2,'2025-06-23 23:25:30','2025-12-20 23:25:30',NULL,0,'pending',1,'ibas',NULL,'2025-06-23 23:25:30','2025-06-23 23:25:30'),
(4,3,1,'2025-06-24 14:47:15','2025-06-24 14:47:15',NULL,1,'active',0,'free',NULL,'2025-06-24 14:47:15','2025-06-24 14:47:15'),
(5,4,1,'2025-06-24 19:53:45','2025-06-24 19:53:45',NULL,1,'active',0,'free',NULL,'2025-06-24 19:53:45','2025-06-24 19:53:45'),
(6,1,2,'2025-06-24 20:13:20','2025-12-21 20:13:20',NULL,0,'pending',1,'ibas',NULL,'2025-06-24 20:13:20','2025-06-24 20:13:20'),
(7,5,1,'2025-06-26 07:34:56','2025-06-26 07:34:56',NULL,1,'active',0,'free',NULL,'2025-06-26 07:34:56','2025-06-26 07:34:56'),
(8,6,1,'2025-06-26 07:39:58','2025-06-26 07:39:58',NULL,1,'active',0,'free',NULL,'2025-06-26 07:39:58','2025-06-26 07:39:58'),
(9,6,2,'2025-06-26 07:40:42','2025-12-23 07:40:42',NULL,0,'pending',1,'ibas',NULL,'2025-06-26 07:40:42','2025-06-26 07:40:42'),
(10,1,2,'2025-06-26 10:05:37','2025-12-23 10:05:37',NULL,0,'pending',1,'ibas',NULL,'2025-06-26 10:05:37','2025-06-26 10:05:37'),
(11,1,2,'2025-06-26 18:42:55','2025-12-23 18:42:55',NULL,0,'pending',1,'ibas',NULL,'2025-06-26 18:42:55','2025-06-26 18:42:55'),
(13,8,1,'2025-06-26 21:46:03','2025-06-26 21:46:03',NULL,1,'active',0,'free',NULL,'2025-06-26 21:46:03','2025-06-26 21:46:03'),
(14,1,2,'2025-06-26 22:00:46','2025-12-23 22:00:46',NULL,0,'pending',1,'ibas',NULL,'2025-06-26 22:00:46','2025-06-26 22:00:46'),
(15,9,2,'2025-06-27 21:18:26','2025-12-24 21:18:26',NULL,1,'active',0,'ibas',NULL,'2025-06-27 21:18:26','2025-06-27 21:18:26'),
(16,10,1,'2025-06-27 21:34:07','2025-06-27 21:34:07',NULL,1,'active',0,'free',NULL,'2025-06-27 21:34:07','2025-06-27 21:34:07'),
(17,11,2,'2025-06-27 21:34:38','2025-12-24 21:34:38',NULL,1,'active',0,'ibas',NULL,'2025-06-27 21:34:38','2025-06-27 21:34:38'),
(18,12,2,'2025-06-27 21:36:00','2025-12-24 21:36:00',NULL,1,'active',0,'ibas',NULL,'2025-06-27 21:36:00','2025-06-27 21:36:00'),
(19,13,1,'2025-06-27 22:20:29','2025-06-27 22:20:29','2025-06-28 10:24:07',0,'cancelled',0,'free',NULL,'2025-06-27 22:20:29','2025-06-28 10:24:07'),
(20,13,2,'2025-06-27 22:29:49','2025-12-24 22:29:49','2025-06-28 10:24:07',0,'cancelled',0,'ibas',NULL,'2025-06-27 22:29:49','2025-06-28 10:24:07'),
(21,13,2,'2025-06-27 22:30:01','2025-12-24 22:30:01','2025-06-28 10:24:07',0,'cancelled',0,'ibas',NULL,'2025-06-27 22:30:01','2025-06-28 10:24:07'),
(22,13,2,'2025-06-27 23:01:44','2025-12-24 23:01:44','2025-06-28 10:24:07',0,'cancelled',0,'ibas',NULL,'2025-06-27 23:01:44','2025-06-28 10:24:07'),
(23,13,2,'2025-06-28 08:55:09','2025-12-25 08:55:09','2025-06-28 10:24:07',0,'cancelled',0,'ibas',NULL,'2025-06-28 08:55:09','2025-06-28 10:24:07'),
(24,14,2,'2025-06-28 09:54:23','2025-12-25 09:54:23',NULL,1,'active',0,'ibas',NULL,'2025-06-28 09:54:23','2025-06-28 09:54:23'),
(25,13,2,'2025-06-28 09:54:58','2025-12-25 09:54:58','2025-06-28 10:24:07',0,'cancelled',0,'ibas',NULL,'2025-06-28 09:54:58','2025-06-28 10:24:07'),
(26,13,2,'2025-06-28 09:55:19','2025-12-25 09:55:19','2025-06-28 10:24:07',0,'cancelled',0,'ibas',NULL,'2025-06-28 09:55:19','2025-06-28 10:24:07'),
(27,13,2,'2025-06-28 10:24:07','2025-12-25 10:24:07',NULL,1,'active',0,'ibas',NULL,'2025-06-28 10:24:07','2025-06-28 10:24:07'),
(28,1,2,'2025-06-30 21:55:03','2025-12-27 21:55:03',NULL,1,'active',0,'ibas',NULL,'2025-06-30 21:55:03','2025-06-30 21:55:03'),
(29,15,1,'2025-07-01 10:52:04','2025-07-01 10:52:04',NULL,1,'active',0,'free',NULL,'2025-07-01 10:52:04','2025-07-01 10:52:04'),
(35,17,1,'2025-07-05 15:52:29','2025-07-05 15:52:29','2025-07-05 15:59:18',0,'cancelled',0,'free',NULL,'2025-07-05 15:52:29','2025-07-05 15:59:18'),
(36,17,2,'2025-07-05 15:59:18','2026-01-01 15:59:18',NULL,1,'active',0,'ibas',NULL,'2025-07-05 15:59:18','2025-07-05 15:59:18'),
(37,17,2,'2025-07-05 16:00:42','2026-01-01 16:00:42',NULL,0,'pending',1,'ibas',NULL,'2025-07-05 16:00:42','2025-07-05 16:00:42'),
(38,18,1,'2025-07-05 16:55:46','2025-07-05 16:55:46','2025-07-05 17:07:38',0,'cancelled',0,'free',NULL,'2025-07-05 16:55:46','2025-07-05 17:07:38'),
(39,18,2,'2025-07-05 17:07:38','2026-01-01 17:07:38',NULL,1,'active',0,'ibas',NULL,'2025-07-05 17:07:38','2025-07-05 17:07:38'),
(40,19,1,'2025-07-05 17:18:27','2025-07-05 17:18:27','2025-07-05 17:20:24',0,'cancelled',0,'free',NULL,'2025-07-05 17:18:27','2025-07-05 17:20:24'),
(41,19,2,'2025-07-05 17:20:24','2026-01-01 17:20:24',NULL,1,'active',0,'ibas',NULL,'2025-07-05 17:20:24','2025-07-05 17:20:24'),
(42,20,1,'2025-07-06 18:30:16','2025-07-06 18:30:16',NULL,1,'active',0,'free',NULL,'2025-07-06 18:30:16','2025-07-06 18:30:16'),
(43,20,2,'2025-07-06 18:30:39','2026-01-02 18:30:39',NULL,0,'pending',1,'ibas',NULL,'2025-07-06 18:30:39','2025-07-06 18:30:39'),
(46,23,1,'2025-07-08 16:58:45','2025-07-08 16:58:45',NULL,1,'active',0,'free',NULL,'2025-07-08 16:58:46','2025-07-08 16:58:46'),
(49,26,1,'2025-07-18 14:27:37','2025-07-18 14:27:37',NULL,1,'active',0,'free',NULL,'2025-07-18 14:27:37','2025-07-18 14:27:37'),
(50,26,2,'2025-07-18 14:28:40','2026-01-14 14:28:40',NULL,0,'pending',1,'ibas',NULL,'2025-07-18 14:28:40','2025-07-18 14:28:40'),
(51,27,1,'2025-07-21 06:54:23','2025-07-21 06:54:23','2025-07-23 16:39:24',0,'cancelled',0,'free',NULL,'2025-07-21 06:54:23','2025-07-23 16:39:24'),
(52,28,1,'2025-07-21 13:25:35','2025-07-21 13:25:35','2025-07-24 16:03:34',0,'cancelled',0,'free',NULL,'2025-07-21 13:25:35','2025-07-24 16:03:34'),
(53,29,1,'2025-07-21 19:04:57','2025-07-21 19:04:57',NULL,1,'active',0,'free',NULL,'2025-07-21 19:04:57','2025-07-21 19:04:57'),
(54,27,2,'2025-07-23 16:39:24','2026-01-19 16:39:24',NULL,1,'active',0,'ibas',NULL,'2025-07-23 16:39:24','2025-07-23 16:39:24'),
(57,28,2,'2025-07-24 16:03:34','2026-01-20 16:03:34',NULL,1,'active',0,'ibas',NULL,'2025-07-24 16:03:34','2025-07-24 16:03:34'),
(63,37,1,'2025-11-03 13:32:02','2025-11-03 13:32:02',NULL,1,'active',0,'free',NULL,'2025-11-03 13:32:02','2025-11-03 13:32:02'),
(64,37,2,'2025-11-03 13:32:19','2026-05-02 13:32:19',NULL,0,'pending',1,'ibas',NULL,'2025-11-03 13:32:19','2025-11-03 13:32:19'),
(65,37,2,'2025-11-03 13:32:25','2026-05-02 13:32:25',NULL,0,'pending',1,'ibas',NULL,'2025-11-03 13:32:25','2025-11-03 13:32:25'),
(66,37,2,'2025-11-03 13:32:38','2026-05-02 13:32:38',NULL,0,'pending',1,'ibas',NULL,'2025-11-03 13:32:38','2025-11-03 13:32:38'),
(67,37,2,'2025-11-03 13:33:03','2026-05-02 13:33:03',NULL,0,'pending',1,'ibas',NULL,'2025-11-03 13:33:03','2025-11-03 13:33:03'),
(68,37,2,'2025-11-03 13:34:29','2026-05-02 13:34:29',NULL,0,'pending',1,'ibas',NULL,'2025-11-03 13:34:29','2025-11-03 13:34:29'),
(69,38,1,'2025-11-07 21:24:04','2025-11-07 21:24:04',NULL,1,'active',0,'free',NULL,'2025-11-07 21:24:04','2025-11-07 21:24:04'),
(70,38,2,'2025-11-07 21:24:21','2026-05-06 21:24:21',NULL,0,'pending',1,'ibas',NULL,'2025-11-07 21:24:21','2025-11-07 21:24:21'),
(71,38,2,'2025-11-19 14:04:23','2026-05-18 14:04:23',NULL,0,'pending',1,'ibas',NULL,'2025-11-19 14:04:23','2025-11-19 14:04:23'),
(72,38,2,'2025-11-19 14:10:19','2026-05-18 14:10:19',NULL,0,'pending',1,'ibas',NULL,'2025-11-19 14:10:19','2025-11-19 14:10:19'),
(73,38,2,'2025-11-26 12:46:39','2026-05-25 12:46:39',NULL,0,'pending',1,'ibas',NULL,'2025-11-26 12:46:39','2025-11-26 12:46:39'),
(74,39,1,'2026-01-23 20:35:46','2026-01-23 20:35:46',NULL,1,'active',0,'free',NULL,'2026-01-23 20:35:46','2026-01-23 20:35:46'),
(75,40,1,'2026-02-09 12:01:47','2026-02-09 12:01:47',NULL,1,'active',0,'free',NULL,'2026-02-09 12:01:47','2026-02-09 12:01:47');
/*!40000 ALTER TABLE `user_subscriptions` ENABLE KEYS */;
UNLOCK TABLES;

--
-- Table structure for table `users`
--

DROP TABLE IF EXISTS `users`;
/*!40101 SET @saved_cs_client     = @@character_set_client */;
/*!40101 SET character_set_client = utf8mb4 */;
CREATE TABLE `users` (
  `id` bigint(20) unsigned NOT NULL AUTO_INCREMENT,
  `name` varchar(191) NOT NULL,
  `email` varchar(191) NOT NULL,
  `email_verified_at` timestamp NULL DEFAULT NULL,
  `password` varchar(191) NOT NULL,
  `remember_token` varchar(100) DEFAULT NULL,
  `created_at` timestamp NULL DEFAULT NULL,
  `updated_at` timestamp NULL DEFAULT NULL,
  `deleted_at` timestamp NULL DEFAULT NULL,
  PRIMARY KEY (`id`),
  UNIQUE KEY `users_email_unique` (`email`)
) ENGINE=InnoDB AUTO_INCREMENT=41 DEFAULT CHARSET=utf8mb4 COLLATE=utf8mb4_unicode_ci;
/*!40101 SET character_set_client = @saved_cs_client */;

--
-- Dumping data for table `users`
--

LOCK TABLES `users` WRITE;
/*!40000 ALTER TABLE `users` DISABLE KEYS */;
INSERT INTO `users` VALUES
(1,'Test User','test@example.com',NULL,'$2y$12$D6vijczogh6xkMer05uG2uHTy48t3zMypFGJe7558HWyl6uQIrIcu',NULL,'2025-06-23 23:21:58','2025-06-23 23:21:58',NULL),
(2,'Bilal','bilal@gmail.com',NULL,'$2y$12$1.lurEldX1Dk/Y4fHWNV0ux/x5KCPWsz8tmTOK622kfXg7EviXdHW',NULL,'2025-06-23 23:25:07','2025-06-26 21:49:34','2025-06-26 21:49:34'),
(3,'NARYTHY3399041NERTYTRY','anlansor@bientotmail.com',NULL,'$2y$12$8tzzr.Na4uMqY2U4VCirsOmFPY.GCNIXveWJ0PuDgtMty6xIvn0zO',NULL,'2025-06-24 14:47:15','2025-06-26 21:49:39','2025-06-26 21:49:39'),
(4,'Muhammad','bilal.bs143@gmail.com',NULL,'$2y$12$4a5OcIbFBLAfcRGUstQ3W.W5MQYT9OoCDmy1WGTdbXjMnM/B.HIOG',NULL,'2025-06-24 19:53:45','2025-06-26 21:54:15','2025-06-26 21:54:15'),
(5,'Louis Lang','henokyd@mailinator.com',NULL,'$2y$12$o0oGI1pMGdn6/zwh8PE6A.BSO87kcEOrai2tt5HSCdDArB29ZI.ae',NULL,'2025-06-26 07:34:56','2025-06-26 08:28:37','2025-06-26 08:28:37'),
(6,'Jonas Carroll','gadi@mailinator.com',NULL,'$2y$12$U8wS3lj4.BUHWVmPZx4lLejTbRJQ8oSnhN8WWJIAvW4nIy9VqXfae',NULL,'2025-06-26 07:39:58','2025-06-26 08:28:32','2025-06-26 08:28:32'),
(8,'Bilal Test','bilal.test@gmail.com',NULL,'$2y$12$edpTnEmE8T8yYc6K9/AC1.aLo6Y.59UtqvpU3OV0d39zIjEsM4kHa',NULL,'2025-06-26 21:46:03','2025-06-27 17:04:22','2025-06-27 17:04:22'),
(9,'Anila','varisjorganxhiu@gmail.com',NULL,'$2y$12$8DzXnjxeiiSEk25dtxR0AuRPpF1JocGk.8ls0vBUd9lZ3bWGlV8GK',NULL,'2025-06-27 21:18:26','2025-06-27 22:16:46','2025-06-27 22:16:46'),
(10,'Bilal Test 2','bilal.test2@gmail.com',NULL,'$2y$12$BBvnmNUlP4or8qzVlIGmouqal516XdiyZl4/WMxA0uCAwiBZgG9w2',NULL,'2025-06-27 21:34:07','2025-06-27 22:16:41','2025-06-27 22:16:41'),
(11,'Bilal Test 3','bilal.test3@gmail.com',NULL,'$2y$12$4UjHyKdgZDLqExeW1pfIbuH81pxPinfxYXFALpFSnxefjX.Ev95pS',NULL,'2025-06-27 21:34:38','2025-06-27 22:16:23','2025-06-27 22:16:23'),
(12,'Baris','varis@example.com',NULL,'$2y$12$RHeHcvRCU7p.lo6B.mo8h.KyOMxwfOOkdKNOI7cvXffvz7zYdI9qC',NULL,'2025-06-27 21:36:00','2025-06-27 22:16:20','2025-06-27 22:16:20'),
(13,'Anila','varisjorganxhipvt@gmail.com',NULL,'$2y$12$0rjVnEWMRQz1Sg2C4fRlzOpbrtxHLrlDP8l/r4wGP4Yv.vANypVMO',NULL,'2025-06-27 22:20:29','2025-06-27 22:20:29',NULL),
(14,'Bilal','bilal.test4@example.com',NULL,'$2y$12$SpInH1WgIncciSf0zUkS9uLKtuUSrSLEfEQxJoWUokbu95qfxAnVm',NULL,'2025-06-28 09:54:23','2025-06-28 11:39:14','2025-06-28 11:39:14'),
(15,'test test','test@testt.com',NULL,'$2y$12$XKesE8mOEfPWoBLlXIygS.fsVF6zwVyiHT.xhPCWxpOJJSYpXbOn6',NULL,'2025-07-01 10:52:04','2025-07-01 10:52:04',NULL),
(17,'Edona Ramadani','edona.ramadani2005@gmail.com',NULL,'$2y$12$W3SKtZHDqySOxgnadhrV6unXkY8jj0SmHrng1GWfSPxkjNjCBFkla',NULL,'2025-07-05 15:52:29','2025-07-05 17:07:33','2025-07-05 17:07:33'),
(18,'Edona','edona@eventetsot.com',NULL,'$2y$12$0Hw0wYGuD.Lo8fill1gRfO.dquimCuM9UlG/couIUHm.jUxX0Eoam',NULL,'2025-07-05 16:55:46','2025-07-05 16:55:46',NULL),
(19,'Era Begaj','erabegaj95@gmail.com',NULL,'$2y$12$bqaHiLKKe6HMidQliBsGSOHj/JEcPTXyUItzaloYdNV50OLjJDTHW',NULL,'2025-07-05 17:18:27','2025-07-05 17:18:27',NULL),
(20,'Varis','varis@trxt.cim',NULL,'$2y$12$yJqcrXwcWY1Nwx9UGOA7kOfGY5QOp6znPWrPx32h/ZuQnldztRQOe',NULL,'2025-07-06 18:30:16','2025-07-06 18:36:22','2025-07-06 18:36:22'),
(23,'Demo','demo@eventetsot.com',NULL,'$2y$12$cZCJAGLnppbp/neRzdQh..bX3EEx9VCaIyVBtG1uw44vpTSfehcWe',NULL,'2025-07-08 16:58:45','2025-07-08 16:58:45',NULL),
(26,'varis jorganxhi','varisjorganxhibuss@gmail.com',NULL,'$2y$12$mt0KaSQg/8C5m.qvWGhEU.i.lHUbsYsCXJTHyG6q1kvgFv8IWTV8a',NULL,'2025-07-18 14:27:37','2025-07-18 14:27:37',NULL),
(27,'Simon','simon@eventetsot.com',NULL,'$2y$12$sL926GR7xIQEsDnYDTHGQOgO38ElXW2OHixouid2pTDO9nZR89Jta',NULL,'2025-07-21 06:54:23','2025-07-21 06:54:23',NULL),
(28,'Marjan','marjan@eventetsot.com',NULL,'$2y$12$xVyyOcX0PqsV3XdXhZDCjOUvew8rgW4XmwmytEO6F1m1KQC4yBQW2',NULL,'2025-07-21 13:25:35','2025-07-21 13:25:35',NULL),
(29,'Bilal Test','bilal.test123@gmail.com',NULL,'$2y$12$p/ShTi17BOhM6r7BXts66e5b2inRYN/mFSciywsoSY1nGYFu2lbOy',NULL,'2025-07-21 19:04:57','2025-07-21 19:04:57',NULL),
(37,'varis jorganxhi','info@eventetsot.com',NULL,'$2y$12$nHv2VQ.m3PatmmqWs7DKIubaWJxOev00JXeNJD1.dOxHhtzcDl6.G',NULL,'2025-11-03 13:32:02','2025-11-03 13:32:02',NULL),
(38,'Varke','bennysport19@gmail.com',NULL,'$2y$12$Lai8.ANqYPTMaYQuuapmCOncXErSXxpDEV76/JX3imMJc4UgEcp/y',NULL,'2025-11-07 21:24:04','2025-11-07 21:24:04',NULL),
(39,'TolgaWrike','tolgacan@em2.thematinggrounds.com',NULL,'$2y$12$SpYbqeiUhoUfE6BMud9snuYCFqzFe32uJ5P/Ur3ER5JVoyKfCpugy',NULL,'2026-01-23 20:35:46','2026-01-23 20:35:46',NULL),
(40,'* * * $3,222 credit available! Confirm your operation here: https://www.olipap.ch/?2d90j6 * * * hs=874863104b031dfd72d3e3fd3be4197b* ххх*','ydx~nwa9pwyxz@mailbox.in.ua',NULL,'$2y$12$WHQKxsI3XQAGqPai64ftyuRIMbs2.OJ3OXGPwnxT.2F8PauKSMArS',NULL,'2026-02-09 12:01:47','2026-02-09 12:01:47',NULL);
/*!40000 ALTER TABLE `users` ENABLE KEYS */;
UNLOCK TABLES;
/*!40103 SET TIME_ZONE=@OLD_TIME_ZONE */;

/*!40101 SET SQL_MODE=@OLD_SQL_MODE */;
/*!40014 SET FOREIGN_KEY_CHECKS=@OLD_FOREIGN_KEY_CHECKS */;
/*!40014 SET UNIQUE_CHECKS=@OLD_UNIQUE_CHECKS */;
/*!40101 SET CHARACTER_SET_CLIENT=@OLD_CHARACTER_SET_CLIENT */;
/*!40101 SET CHARACTER_SET_RESULTS=@OLD_CHARACTER_SET_RESULTS */;
/*!40101 SET COLLATION_CONNECTION=@OLD_COLLATION_CONNECTION */;
/*!40111 SET SQL_NOTES=@OLD_SQL_NOTES */;

-- Dump completed on 2026-03-06  8:45:28
